country,municipality,lon,lat,tokens,score,split
brazil,1100023,-63.03677056195978,-9.907848808225632,1362,1.814041,
brazil,1100049,-61.44917047740773,-11.437414885646676,1247,1.5930065,
brazil,1100098,-61.01742489935552,-11.535345239071495,406,1.7928836,
brazil,1100106,-65.31924912442729,-10.775438560531315,598,1.8849134,
brazil,1100114,-62.47430735049394,-10.438160424967709,633,1.8032167,
brazil,1100122,-61.94009979811724,-10.879525159714715,1786,1.6781923,
brazil,1100155,-62.258095736400215,-10.718236395985523,396,1.9519805,
brazil,1100189,-61.18016217390081,-11.677482238515767,576,1.8786498,
brazil,1100205,-63.86272311915176,-8.766417578938169,4380,1.6182612,
brazil,1100288,-61.781481137341665,-11.72366020807626,977,1.725593,
brazil,1100304,-60.12746230751618,-12.734206746606535,1614,1.7624011,
brazil,1200203,-72.68323355471074,-7.617059427970128,643,1.8180764,
brazil,1200401,-67.81802376371688,-9.980963872434387,3307,1.6390252,
brazil,1200500,-68.66487457819414,-9.071536140918647,259,2.2543023,
brazil,1200609,-70.76696944645717,-8.15732574773301,234,2.3180625,
brazil,1300607,-70.02067471710107,-4.381267044560033,164,2.6419268,
brazil,1300706,-67.36501581075282,-8.76102547096595,217,2.2659328,
brazil,1300805,-59.59324621980398,-4.393445416842313,123,2.0515642,
brazil,1301001,-66.89653635202977,-4.875413014796398,170,2.165723,
brazil,1301209,-63.14127962507882,-4.100684337885852,328,1.7768313,
brazil,1301407,-69.87168604080263,-6.657267946208839,188,1.9999434,
brazil,1301704,-63.03483831202893,-7.514533173886036,409,1.8481296,
brazil,1301852,-60.153810215331696,-3.2155358478016645,481,2.1615684,
brazil,1301902,-58.43828374036313,-3.131407385100511,409,1.726216,
brazil,1302405,-64.79124982687435,-7.26410765929584,199,2.1629083,
brazil,1302504,-60.63132197355304,-3.283837551003051,383,1.8585278,
brazil,1302603,-59.99508531168422,-3.059055136621922,10161,1.291062,
brazil,1302702,-61.29129659755402,-5.812973130572092,172,1.9661485,
brazil,1302900,-57.71296156883745,-3.3906597501845215,171,1.4572166,
brazil,1303403,-56.74034001036529,-2.640147364626883,392,1.8142037,
brazil,1303700,-67.94805580231734,-3.098795600745918,117,2.825986,
brazil,1303809,-67.08454489095352,-0.12433511224019204,166,2.3733187,
brazil,1303908,-68.94535394592313,-3.467889650928721,124,2.8704107,
brazil,1304062,-69.9318256259042,-4.237192646428964,346,2.1379588,
brazil,1304203,-64.71281116519081,-3.3570238975489617,258,1.4651276,
brazil,1400100,-60.715975861861445,2.817737390233987,3791,1.6715144,
brazil,1400175,-60.6323233155649,2.790697889208198,93,1.9895098,
brazil,1400472,-60.42981676263562,0.938848668235688,229,2.1179192,
brazil,1500107,-48.87205836727663,-1.727151237018665,453,1.8553323,
brazil,1500404,-54.73214287198865,-1.944295490756063,310,2.1015654,
brazil,1500503,-52.5781295719815,-1.525454011800216,136,2.28232,
brazil,1500602,-52.22405409690886,-3.205192216065741,1174,1.8171906,
brazil,1500800,-48.388848253670325,-1.3613005558610543,2923,1.424297,
brazil,1500909,-46.641732472790785,-1.0245525235935355,102,2.5075128,
brazil,1501204,-49.668296022878394,-2.795154306936511,107,1.8984438,
brazil,1501303,-48.67098627807114,-1.5203638172834437,846,1.8615756,
brazil,1501402,-48.458066047519736,-1.417789996157487,2688,1.3220806,
brazil,1501501,-48.257979208181645,-1.35198424816883,611,1.9266006,
brazil,1501709,-46.77190565849528,-1.0515429523904312,483,2.1346889,
brazil,1501782,-49.57189691532996,-3.776659725851434,228,1.5524002,
brazil,1501808,-50.47920455937691,-1.681675769518002,206,2.0335557,
brazil,1502103,-49.507892201896354,-2.2453304423702787,248,2.113467,
brazil,1502152,-49.85540805214367,-6.531732435912349,876,1.8242809,
brazil,1502202,-47.17782408136949,-1.1963024263260207,545,1.8277705,
brazil,1502301,-47.066713193406144,-1.7460880221064599,262,1.9863039,
brazil,1502400,-47.92215094922301,-1.2902266978018255,1592,1.828014,
brazil,1502707,-49.27321948249456,-8.268011656805632,412,1.9499241,
brazil,1502905,-47.86170573594687,-0.7239548186334367,168,2.365124,
brazil,1502939,-47.553721715668836,-4.299334110294207,392,1.6069645,
brazil,1503200,-47.62229703610371,-1.1276489157863991,231,1.5668226,
brazil,1503309,-48.96035832697654,-1.9771178010103625,134,2.2731285,
brazil,1503606,-55.993046006695856,-4.261175576717177,937,1.6998996,
brazil,1503705,-49.33899740596846,-5.136056114749837,192,1.9604186,
brazil,1503804,-49.11244493363279,-4.444336700665273,386,1.7662396,
brazil,1503903,-56.09096382011521,-2.162035207600911,217,1.8511174,
brazil,1504059,-47.55227110776538,-2.046909574701974,276,1.9373268,
brazil,1504208,-49.096425442053466,-5.347953199112411,2468,1.609512,
brazil,1504422,-48.336676678107004,-1.3697628622120983,1308,1.4291756,
brazil,1504703,-48.76660397854854,-1.8946286508663495,215,1.9038346,
brazil,1504802,-54.075150754700736,-1.9913132263291853,460,1.775829,
brazil,1505031,-55.416959176977464,-7.039885279047404,445,1.8778932,
brazil,1505064,-49.94597794109789,-4.250642711672486,294,2.2958984,
brazil,1505106,-55.5160907511805,-1.8984217342302765,260,1.8378568,
brazil,1505304,-55.86005942342418,-1.7594377658622806,396,2.059809,
brazil,1505437,-51.0729958979051,-6.7544252292897555,389,1.8775922,
brazil,1505502,-47.37626883687457,-2.995461293680917,949,1.6882066,
brazil,1505536,-49.8751842493198,-6.071307767470096,2324,1.6265236,
brazil,1505809,-50.816243132614055,-1.9416812780993362,135,1.955188,
brazil,1506138,-50.02827280084827,-8.03977268207433,1117,1.7071166,
brazil,1506187,-48.07222899805842,-4.782385496309497,299,2.0169017,
brazil,1506195,-54.90960956182781,-4.098801297325277,211,2.4463167,
brazil,1506203,-47.33317211029868,-0.6278511069257109,631,1.7435367,
brazil,1506500,-48.16671142847219,-1.3012522353392202,458,1.8380778,
brazil,1506708,-50.33771455346882,-9.33235809657868,354,1.8604714,
brazil,1506807,-54.72464534872547,-2.4595021718496746,2210,1.7035874,
brazil,1507300,-51.97302246944707,-6.645657910027023,405,2.2791574,
brazil,1507607,-47.48025169242648,-1.6098517599387523,330,2.1924558,
brazil,1507904,-48.51812653647043,-0.721537058583809,182,1.9335233,
brazil,1507953,-48.95087200047669,-2.938035775646979,503,1.752925,
brazil,1508001,-48.154195353692536,-2.414297226750075,146,1.9601029,
brazil,1508084,-51.14762904520758,-6.755709220146608,517,2.2882373,
brazil,1508100,-49.676556405121815,-3.783564412313771,802,1.8807105,
brazil,1508126,-47.501183271929015,-3.7475512328913467,289,1.8586024,
brazil,1508159,-53.73428671966785,-3.7195121782967218,349,2.3979824,
brazil,1508209,-48.12964792182047,-0.8593893277040078,187,1.9128972,
brazil,1508308,-46.14019783781741,-1.1979071694412082,98,2.2138085,
brazil,1508407,-49.943432240837154,-7.103524077392815,551,1.8720512,
brazil,1600279,-52.51756286184507,-0.837783305071299,269,2.1424332,
brazil,1600600,-51.17262960403184,-0.036145038464732104,685,1.7923853,
brazil,1702109,-48.22550727991846,-7.204627490077681,1820,1.5621955,
brazil,1702208,-48.11111586319273,-5.649195979430539,315,1.7250893,
brazil,1705508,-48.478203251369465,-8.05695086690731,498,1.6010717,
brazil,1709302,-48.51001298202841,-8.84084394192674,377,1.6029356,
brazil,1709500,-49.08052096389362,-11.732679672037362,1193,1.6273329,
brazil,1718204,-48.40098800889999,-10.69990954762088,945,1.6668121,
brazil,1721000,-48.32214596011318,-10.247296879446484,4419,1.6252168,
brazil,2100055,-47.46824104193032,-4.936694270553934,1122,1.6951265,
brazil,2101202,-44.789158360847296,-4.22841399282217,673,1.6831434,
brazil,2101400,-46.049820114169066,-7.527083141330463,1021,1.7770778,
brazil,2101608,-45.24642853037903,-5.50466607436195,697,1.56061,
brazil,2101707,-42.82125529921899,-2.7580546818195963,543,1.657565,
brazil,2102325,-46.4478302333625,-4.325958389454847,328,2.151569,
brazil,2103000,-43.35456651565152,-4.8686204767149714,1165,1.4027828,
brazil,2103208,-43.35387987138708,-3.735079446510122,616,1.9184471,
brazil,2103307,-43.88841930682126,-4.460163600206804,670,1.693625,
brazil,2103406,-43.01620387722705,-4.255709705827263,273,1.9630328,
brazil,2103505,-44.243195308104816,-6.030426950552218,286,1.8785778,
brazil,2103604,-44.12889588246678,-4.127429138569847,403,1.7828889,
brazil,2103703,-44.870823084571086,-1.8298921391007286,163,2.044544,
brazil,2103752,-47.42599318043986,-5.574840914051923,89,1.860837,
brazil,2104057,-47.438241860891885,-6.560264682920496,374,1.5603955,
brazil,2104800,-46.14194698708583,-5.814024678943112,677,1.7313286,
brazil,2105302,-47.46536996442875,-5.514170863099667,2361,1.5035081,
brazil,2105401,-44.350701248096755,-3.395705659673475,386,1.6017684,
brazil,2105500,-47.40874478960008,-5.450441943548257,90,1.4236491,
brazil,2105708,-45.13115051157724,-4.564393841419271,274,1.8557137,
brazil,2107506,-44.15534534180499,-2.519701228027412,1939,1.8386337,
brazil,2108207,-44.59733499911147,-4.576210042850697,265,1.7035604,
brazil,2108504,-45.354210061451504,-3.623256907907258,209,1.9259989,
brazil,2108603,-45.09983328822969,-2.530039551540706,398,1.954012,
brazil,2109106,-44.490440831595464,-5.29602432334247,384,1.851164,
brazil,2109452,-44.134628754230654,-2.4534774111231266,408,2.25282,
brazil,2109601,-44.244823503092334,-2.9411868558558076,244,2.0215185,
brazil,2109809,-45.3002821829223,-2.2354761166754327,119,1.7419299,
brazil,2109908,-45.37600911473952,-3.6639747379719236,693,1.6338418,
brazil,2110005,-45.665069191505175,-3.9652478994262044,266,1.8640232,
brazil,2110500,-44.83769870819731,-2.7018391774008403,180,2.142626,
brazil,2111102,-43.70387606602429,-6.493949262805004,267,1.8821934,
brazil,2111201,-44.151232571796754,-2.533163920041765,2563,1.6504396,
brazil,2111300,-44.262851609189205,-2.56951753988088,5993,1.433513,
brazil,2111508,-44.46680170930856,-4.028916515637635,286,1.4994787,
brazil,2112209,-42.84478130885274,-5.108820546838391,1211,1.5715309,
brazil,2112233,-44.615518127712626,-4.565395438569454,129,1.4325627,
brazil,2112506,-42.298828596227956,-2.784087567754473,344,2.1420527,
brazil,2112704,-43.918066270490876,-3.5459157357000644,283,2.0604486,
brazil,2112803,-45.002218178161165,-3.202942308083102,242,1.7689196,
brazil,2114007,-45.653450598389504,-3.274415970908233,298,1.6667161,
brazil,2200400,-42.45803523783112,-5.038235101661958,454,2.0070968,
brazil,2201200,-42.29199771732358,-4.236752485902974,252,1.68132,
brazil,2201507,-42.227936118284,-3.913333659549872,27,1.7255591,
brazil,2201903,-44.35561272579401,-9.070066353180945,372,1.8103638,
brazil,2202208,-42.17220266608408,-4.83363860863286,414,1.7922562,
brazil,2203701,-42.23816964684061,-3.892345038108013,294,2.0332804,
brazil,2203909,-43.02158639579036,-6.780209333000407,723,1.4709599,
brazil,2205508,-42.574130328160514,-4.758362474373061,378,1.8574506,
brazil,2205706,-41.66247690807464,-2.8883843230201234,108,1.6245111,
brazil,2207009,-42.12575205541846,-7.0130159602978726,382,1.8342154,
brazil,2207702,-41.74940109542127,-2.9197664250896547,1583,1.5709854,
brazil,2207900,-41.45213435169421,-4.432794301221228,284,1.9171293,
brazil,2208007,-41.45291046450557,-7.07961968937868,957,1.8395172,
brazil,2208304,-41.709811658229285,-3.927882289171356,338,1.9226352,
brazil,2208403,-41.774375047637854,-4.273926315368612,586,1.8303435,
brazil,2210607,-42.69260814357339,-9.012812851255369,411,1.7332771,
brazil,2210938,-41.40587815203628,-7.030890071450425,22,2.3940055,
brazil,2211001,-42.77313460528722,-5.089752284601326,6746,1.2737017,
brazil,2211100,-42.856389052404495,-4.586869702717421,261,1.5771407,
brazil,2211209,-44.53952462244279,-7.253817669372202,281,1.8834746,
brazil,2300200,-40.115704277902026,-2.8944671558136066,291,2.1227174,
brazil,2300309,-39.45619960314091,-6.0925810896520805,212,1.6065125,
brazil,2301000,-38.39954122738149,-3.9152421078408546,1909,1.9967103,
brazil,2301109,-37.779387119586175,-4.569065520850888,361,1.8225368,
brazil,2301901,-39.30829620396847,-7.28932901971685,872,1.6976372,
brazil,2302107,-38.873291963816506,-4.3352865986839815,158,2.1240869,
brazil,2302206,-38.118642959419965,-4.1769682525704495,431,2.0200121,
brazil,2302404,-39.73102420658411,-5.123129971372743,220,1.6355511,
brazil,2302503,-38.98926009055308,-7.492325865690065,305,1.8796277,
brazil,2302602,-40.85203021038712,-2.9024671806967017,346,1.6929771,
brazil,2302800,-39.31089062555519,-4.3555204888294945,416,1.5070344,
brazil,2303501,-38.24177161399131,-4.124432564070945,601,1.6144881,
brazil,2303709,-38.66013883201561,-3.724879591671521,3630,1.8578018,
brazil,2304103,-40.666676597773275,-5.179417518428723,444,1.530063,
brazil,2304202,-39.40145611670796,-7.2366550095832105,987,1.7375641,
brazil,2304285,-38.45621077345201,-3.87179326762047,2793,1.6393257,
brazil,2304400,-38.5398528765859,-3.7903905481675135,14733,1.2275641,
brazil,2304707,-40.83060438307452,-3.121159467881897,145,1.4408,
brazil,2305001,-40.75554213040895,-4.165017818315994,214,2.0958664,
brazil,2305233,-38.49016387253099,-4.104765918035252,920,1.7837418,
brazil,2305407,-38.864064107160274,-6.40476594786731,266,1.7575269,
brazil,2305506,-39.30347344563045,-6.367217606051351,813,1.6346078,
brazil,2305803,-40.71106397532246,-4.325525610893936,234,2.0102446,
brazil,2306256,-38.5224604813323,-3.9211366270180377,836,1.838436,
brazil,2306306,-39.58588163190366,-3.688294881710204,200,2.0598505,
brazil,2306405,-39.58001660387791,-3.4889611081742236,565,1.8471103,
brazil,2306900,-38.620627708852815,-5.893095273590761,222,1.8383105,
brazil,2307304,-39.31047856465375,-7.226592503571497,2415,1.5249274,
brazil,2307601,-38.105705460546126,-5.144794137751745,653,1.9620395,
brazil,2307650,-38.61247318922466,-3.8563041584600413,3384,1.5367602,
brazil,2307700,-38.675800719369676,-3.8903874670942877,542,2.0053165,
brazil,2308005,-40.34384397339381,-3.5236607600785645,120,2.029779,
brazil,2308104,-38.77051857116473,-7.38263659457267,147,1.6385012,
brazil,2308401,-39.23901393670989,-7.260384807834257,32,1.6779287,
brazil,2308500,-39.62613335693291,-5.744493425561495,169,1.5264931,
brazil,2308708,-38.36620524063119,-5.103270827401676,400,1.934874,
brazil,2309300,-40.56225059332653,-4.707418265491201,188,1.5339507,
brazil,2309607,-38.46933087142298,-4.17067805749795,679,1.6706178,
brazil,2309706,-38.59976908869491,-3.9122980967842147,970,1.7526951,
brazil,2310209,-39.02993965440821,-3.4288373492020146,390,1.7115645,
brazil,2310506,-39.71654754186179,-5.457293445380092,131,1.52276,
brazil,2310704,-39.266120723651646,-3.794358915510619,170,2.0616746,
brazil,2311306,-39.02197467933041,-4.970799545115459,503,1.7199336,
brazil,2311405,-39.29197211441156,-5.190860099918708,400,1.4953455,
brazil,2311801,-37.975365493157305,-4.938806681570953,636,1.6047286,
brazil,2312205,-40.15235875093829,-4.332626156823253,183,1.9255009,
brazil,2312304,-40.86757486611115,-4.046530635248929,239,1.9023216,
brazil,2312403,-38.96484615697744,-3.6064445068399946,200,1.8600835,
brazil,2312908,-40.353606097799194,-3.68406963309585,1000,1.5081551,
brazil,2313104,-38.12946482562209,-5.242721570293786,251,1.8671768,
brazil,2313302,-40.28865900244424,-6.002012635275595,331,1.6808866,
brazil,2313401,-40.994318325071056,-3.7283908088032933,511,1.709651,
brazil,2313500,-39.267264427182894,-3.281109133504875,233,1.9225348,
brazil,2314003,-39.29992434993433,-6.790943664488752,209,2.0290968,
brazil,2400208,-36.91974893799265,-5.580344071026532,518,1.5619437,
brazil,2401008,-37.79791435504878,-5.6595658225092755,183,1.7087064,
brazil,2402006,-37.08817459120627,-6.458944681460136,682,1.6762654,
brazil,2402204,-35.147574862528366,-6.378750736601334,254,2.0909517,
brazil,2402600,-35.42000705449659,-5.657355773282644,484,2.1152205,
brazil,2403103,-36.51823548857259,-6.26046580961016,400,1.8114108,
brazil,2403251,-35.24283105746188,-5.913474017972755,3942,1.7597653,
brazil,2403608,-35.26503709885212,-5.694097633260279,1328,1.8743356,
brazil,2404200,-35.20860092837705,-6.2774117383722805,248,2.122123,
brazil,2405801,-35.81538499449779,-5.536211739969498,259,1.9414927,
brazil,2407104,-35.328897983181534,-5.881571205489444,1610,2.020336,
brazil,2407203,-36.613014246344505,-5.131950090010222,241,1.8403945,
brazil,2408003,-37.34454706188981,-5.18940008199414,2423,1.5178018,
brazil,2408102,-35.237970349981055,-5.797219461485525,7858,1.6621135,
brazil,2408201,-35.16518476333796,-6.03598546462823,790,2.2684238,
brazil,2408300,-35.43237047493665,-6.479370828590585,149,1.7603737,
brazil,2409407,-38.20742785127406,-6.1159840946769,319,1.700804,
brazil,2411205,-36.02075446798791,-6.228144420476741,290,1.6944811,
brazil,2412005,-35.3162577406455,-5.770374623416861,2068,1.8511412,
brazil,2412203,-35.255514738817034,-6.027320259216529,1022,2.200953,
brazil,2500601,-34.937515341853484,-7.271721925651062,55,1.9692851,
brazil,2501500,-35.64198374002054,-6.74972357296042,65,2.532589,
brazil,2501807,-34.928714821916074,-7.137034425910225,1193,1.4315791,
brazil,2503209,-34.843760785549534,-7.038987787754623,826,1.553397,
brazil,2503704,-38.55751712996044,-6.887563108097854,483,1.7365392,
brazil,2504009,-35.9043914670395,-7.2397946657383185,3045,1.7350166,
brazil,2504306,-37.746681806003515,-6.344134094164184,241,1.877429,
brazil,2504603,-34.9165526941623,-7.249871339303279,439,2.0359843,
brazil,2506004,-35.85857927677016,-7.0209944802417175,171,2.3329074,
brazil,2506301,-35.48734316709756,-6.858322646261741,337,1.9871324,
brazil,2507507,-34.86582732141587,-7.1486329447245796,5635,1.41378,
brazil,2508307,-35.866187631371744,-7.18720774629195,44,2.2777545,
brazil,2508901,-35.132469140717696,-6.8360806855781675,263,1.8429495,
brazil,2509206,-35.8341925495883,-7.235638796167982,22,2.5604048,
brazil,2509701,-37.12195591673598,-7.896562271254314,284,1.9368075,
brazil,2510808,-37.283449996948896,-7.028734383698491,985,1.7688249,
brazil,2512101,-37.795779519673566,-6.770953149305894,247,1.7552154,
brazil,2512507,-35.895647110452,-7.326354234795278,447,1.9519674,
brazil,2512903,-35.104557853971954,-6.821842489264851,26,2.5968018,
brazil,2513703,-34.96333377219682,-7.138062137527623,1279,1.7155863,
brazil,2513901,-37.44839207758844,-6.48667932328261,282,1.7762738,
brazil,2515302,-35.23076184984977,-7.092248012434349,228,2.049617,
brazil,2516003,-35.66482408718438,-6.757537347960314,147,2.1595864,
brazil,2516201,-38.237466580445556,-6.770090760140506,478,2.014405,
brazil,2600054,-34.912257920527594,-7.911210295915094,1105,1.6301497,
brazil,2600104,-37.63760286606077,-7.752207345814393,301,1.7394884,
brazil,2600500,-37.119681319811065,-9.113920641229512,183,2.0492349,
brazil,2600708,-35.2342486444434,-7.594937914113577,158,2.6164973,
brazil,2601102,-40.50046355836602,-7.585034080810931,503,1.7596002,
brazil,2601201,-37.068443049569936,-8.418217568094025,559,1.69577,
brazil,2601409,-35.19453388949909,-8.81456908781444,227,2.1596768,
brazil,2601706,-36.419597527031776,-8.336297184062225,480,2.0100832,
brazil,2601904,-35.75053487259586,-8.236807915457025,429,1.6444271,
brazil,2602100,-36.68470708309496,-9.167725673924382,192,1.9672413,
brazil,2602308,-35.73337998261947,-8.47376151575114,123,2.5325398,
brazil,2602605,-36.268145062222544,-8.030199619400099,236,1.9507955,
brazil,2602803,-37.15511059256411,-8.616455335108704,110,2.147728,
brazil,2602902,-35.01416542966663,-8.285885386675435,1706,1.9004468,
brazil,2603009,-39.31390925956312,-8.509184133686988,203,1.6539785,
brazil,2603454,-34.99488261154364,-8.00204758784201,1904,2.1510882,
brazil,2604007,-35.24778046100187,-7.845741746574932,605,2.024658,
brazil,2604106,-35.9800657635961,-8.273236460260383,2439,1.7293439,
brazil,2604205,-35.72585066245965,-8.668698592006308,132,2.602516,
brazil,2604601,-35.10281521752339,-7.5873203538809015,127,2.8329105,
brazil,2605004,-35.9523983439386,-8.607020282724733,138,1.7957927,
brazil,2605103,-37.63747782902403,-8.088482439797252,237,1.8466665,
brazil,2605202,-35.23760778568379,-8.370043060760585,301,2.132965,
brazil,2605509,-35.3011126580262,-7.496437132087046,33,2.409363,
brazil,2605707,-38.57865838260528,-8.600715512399558,177,2.5305564,
brazil,2606002,-36.48337400385365,-8.886787852614832,935,1.7565475,
brazil,2606101,-35.29356026231897,-7.991916015037196,151,2.4409485,
brazil,2606200,-34.994159520187395,-7.575917816597952,329,2.0496397,
brazil,2606408,-35.57192411128749,-8.202042492272446,911,1.8018507,
brazil,2606804,-34.913739500312424,-7.8449321329158845,1338,1.6326836,
brazil,2607208,-35.01520618483975,-8.386374730978723,994,1.856421,
brazil,2607604,-34.83639355031381,-7.763760198578308,377,2.2133298,
brazil,2607653,-35.10951676225647,-7.409306883783089,116,2.3425188,
brazil,2607752,-34.915471044881016,-7.780986701858244,280,1.9168786,
brazil,2607901,-34.960725121563044,-8.150969427598303,3779,1.6777446,
brazil,2608503,-35.292852791768716,-7.93001571926847,61,2.4409933,
brazil,2608800,-36.323905114581365,-8.661554401391932,266,2.068247,
brazil,2608909,-35.44604869316413,-7.879732800632704,325,1.6782658,
brazil,2609402,-35.12003262849415,-8.114318620627088,395,2.068728,
brazil,2609501,-35.228638618037216,-7.750143383080321,197,2.219658,
brazil,2609600,-34.86643505465374,-7.991329411111227,2913,1.7255694,
brazil,2609907,-40.08341015103605,-7.88393950626702,360,1.6928397,
brazil,2610004,-35.58873587328291,-8.681985166911709,306,2.387064,
brazil,2610608,-35.14586395608654,-7.908848192965323,519,2.3434193,
brazil,2610707,-34.87000566462823,-7.939540464036949,3306,1.6316605,
brazil,2610905,-36.69510013517252,-8.362658234338225,306,1.7434206,
brazil,2611002,-38.22110085023555,-8.972170164465787,216,1.9913986,
brazil,2611101,-40.516022727381596,-9.364614722469014,3301,1.5727654,
brazil,2611309,-35.34354580082136,-8.132417917828398,38,2.4883523,
brazil,2611606,-34.92089236015669,-8.055204946507816,7730,1.4852473,
brazil,2611804,-35.37948902040588,-8.51163895177253,205,2.5213268,
brazil,2612000,-35.65891104538175,-8.214484830220632,39,1.874251,
brazil,2612208,-39.1276794201778,-8.064749546855317,532,1.7477987,
brazil,2612505,-36.20885513174782,-7.9440237674790035,607,1.8868973,
brazil,2613008,-36.441650154952065,-8.519103952994264,224,1.9367377,
brazil,2613107,-36.12442332454424,-8.330012008921013,227,1.9571764,
brazil,2613206,-36.44249941050351,-8.870284449678573,54,1.966229,
brazil,2613602,-37.276625761545695,-7.475157445277866,185,1.5400181,
brazil,2613701,-35.032451755341924,-8.006066548640064,1170,2.1125162,
brazil,2614204,-35.114685508972755,-8.58971504574062,98,2.6077528,
brazil,2614501,-35.76694532499669,-7.845949820732826,461,1.8700637,
brazil,2614600,-37.53854098461229,-7.594795844324721,185,1.9273139,
brazil,2615003,-36.153461811361446,-7.949028908066853,50,1.8597558,
brazil,2615300,-35.31624799992307,-7.509391580881048,240,1.9023784,
brazil,2615409,-36.065708069503415,-8.004166248744003,240,2.2381914,
brazil,2615607,-40.267399742658704,-7.757379093455639,384,1.818552,
brazil,2616407,-35.29156995477975,-8.117170429112333,803,1.9300929,
brazil,2700300,-36.65710482856428,-9.751646323421763,1764,1.7329773,
brazil,2700409,-36.00894290269972,-9.509050741823534,157,2.4951096,
brazil,2701407,-36.349161250264274,-9.782404481797565,109,2.066692,
brazil,2702009,-36.58135432508063,-9.6489387610857,44,3.1831625,
brazil,2702306,-36.16672347349793,-10.141753990289699,295,1.9429352,
brazil,2702355,-36.74538443503715,-9.64872311588246,25,2.4073586,
brazil,2702405,-38.00144052295606,-9.381965791486897,344,1.7111087,
brazil,2704104,-36.73927981132321,-9.815206940534276,79,2.4245038,
brazil,2704203,-36.55539135822972,-9.75276219545411,53,2.8108287,
brazil,2704302,-35.71906435996446,-9.59829124537098,2184,1.8000064,
brazil,2704500,-35.22754575476685,-9.02502391633649,124,2.3337474,
brazil,2704708,-35.85410257296485,-9.733920537088517,760,2.023958,
brazil,2705101,-35.53200913057293,-9.155701947375388,98,2.4811463,
brazil,2705507,-35.94164124424431,-9.31199984564156,133,2.4844325,
brazil,2706307,-36.63493804010203,-9.417349586496794,429,2.067486,
brazil,2706448,-35.557058964188286,-9.471793849757876,90,2.1558142,
brazil,2706703,-36.559983588179975,-10.280578821630426,356,1.8176051,
brazil,2706901,-35.95948580026462,-9.587263817287443,271,1.9102598,
brazil,2707305,-35.40472307298677,-9.051793082538074,103,2.8534923,
brazil,2707701,-35.82337070903139,-9.50389373553857,768,2.1419487,
brazil,2707909,-35.82268116307721,-9.597922894302924,52,2.312097,
brazil,2708006,-37.246848184875276,-9.371227721736435,194,1.8532317,
brazil,2708501,-35.56535575381261,-9.310993425390455,127,2.5711267,
brazil,2708600,-36.10053431081756,-9.791724311612809,327,2.0140386,
brazil,2708907,-35.822222406477955,-9.558237100115717,189,2.1488006,
brazil,2709152,-36.357673134071504,-9.906819401244228,231,2.0767682,
brazil,2709301,-36.02236284866557,-9.154345878929579,256,2.1580887,
brazil,2800308,-37.07924771968765,-10.95736127197248,4014,1.4581468,
brazil,2800605,-37.02513072181793,-10.915048917535847,540,1.7296827,
brazil,2801306,-37.057216714491524,-10.50930097430326,161,2.7127125,
brazil,2802106,-37.436230904709504,-11.25702041675088,413,2.012339,
brazil,2802908,-37.42511841094656,-10.695751201014014,706,1.9544268,
brazil,2803005,-37.78989057066348,-11.273436291934296,202,2.2252023,
brazil,2803500,-37.670595787211624,-10.92043087439776,501,2.1292908,
brazil,2803609,-37.15322817064312,-10.799129553236863,244,2.2696807,
brazil,2804508,-37.42179819025326,-10.21256261927746,233,1.7212702,
brazil,2804805,-37.122973373489216,-10.88554408965938,889,1.9372613,
brazil,2805703,-36.836782007541416,-10.220974329973826,157,2.2063375,
brazil,2806701,-37.117487028658076,-10.935004997620888,620,1.7093043,
brazil,2807105,-37.80597741012687,-10.743206791574833,180,2.0133188,
brazil,2807402,-37.99635788004271,-11.178082274501216,229,1.8935627,
brazil,2900702,-38.41960366845992,-12.138516353039753,1174,1.9525622,
brazil,2901007,-39.60228341382193,-13.024786897076503,235,2.5087068,
brazil,2902104,-38.96036479848572,-11.337277114081017,187,2.015601,
brazil,2902708,-43.148280412118424,-11.087177861949108,238,1.714316,
brazil,2902906,-40.5756220921487,-14.867845615835765,171,2.1737518,
brazil,2903201,-44.99109788490239,-12.139091796881374,1514,1.7241424,
brazil,2903904,-43.39983017244905,-13.256034106778092,553,1.766851,
brazil,2904605,-41.68003647541098,-14.212212684172902,614,1.7509894,
brazil,2905206,-42.486200089658006,-14.063856873960477,342,1.8722955,
brazil,2905701,-38.28924903986869,-12.714533447260601,4515,1.8688965,
brazil,2906006,-40.32236322282814,-10.50736618466202,176,1.9304634,
brazil,2906303,-38.94892637261099,-15.672571014749131,187,1.6491892,
brazil,2906501,-38.50223419192349,-12.699849842277425,703,2.2842684,
brazil,2906873,-40.01089755555109,-11.379941414628117,358,2.0144057,
brazil,2907202,-40.97392390655165,-9.171647218852309,244,1.6306847,
brazil,2907509,-38.38386305470452,-12.362686415221688,263,2.4999385,
brazil,2907806,-38.38223824185881,-10.591321162459561,164,2.1081538,
brazil,2908408,-39.286774529788296,-11.55913226727667,401,2.276109,
brazil,2908507,-38.77751022371903,-12.338665960304946,473,2.3970501,
brazil,2909802,-39.11157599152554,-12.666262559471377,519,2.2256908,
brazil,2910057,-38.31583667333487,-12.61927353121044,1211,1.8897069,
brazil,2910503,-38.08083114576963,-11.945683087260601,227,2.169988,
brazil,2910602,-37.947404631070214,-11.793767212787046,288,2.260057,
brazil,2910701,-39.01184549975578,-10.50718258470342,266,2.1368625,
brazil,2910727,-39.58091434593297,-16.36144309367372,1072,1.7492752,
brazil,2910800,-38.9456090798408,-12.253107521700459,4339,1.5443412,
brazil,2911204,-39.48783715398019,-13.747000381701879,124,2.5987058,
brazil,2911402,-38.26644355311056,-9.354233636152005,28,2.3281734,
brazil,2911709,-42.773180738462976,-14.219644098351237,1031,1.5572069,
brazil,2912103,-39.587398050299335,-14.862992976324412,133,2.5854974,
brazil,2913200,-43.2101004898298,-12.178532131368042,261,1.8067402,
brazil,2913606,-39.06703063170788,-14.80004265168916,916,1.9346865,
brazil,2914000,-39.73955509117213,-12.15953511769349,266,1.8392199,
brazil,2914604,-41.85363019021674,-11.30551099184189,638,1.6893513,
brazil,2914653,-39.56481779981515,-16.577202192191237,198,2.228716,
brazil,2914703,-40.30273128465386,-12.525373340473406,509,1.8004857,
brazil,2914802,-39.28482497114365,-14.800544008691945,1008,1.9754487,
brazil,2915601,-39.533822600082985,-17.038761700397227,411,2.1941679,
brazil,2915809,-40.62446914828065,-15.246318244613166,114,2.0381474,
brazil,2916104,-38.62452604554587,-12.930905606277609,51,3.0122638,
brazil,2916401,-40.24668494471429,-15.249918924107117,436,1.6490769,
brazil,2917508,-40.53768281424712,-11.183236793660235,525,2.0446646,
brazil,2917607,-39.969078890444955,-13.531277859929505,247,1.8418511,
brazil,2917706,-40.194672039877425,-10.257561248667086,95,2.1159284,
brazil,2918001,-40.08571060748937,-13.86225026362882,1228,1.5744895,
brazil,2918407,-40.49533616090555,-9.445657885079394,1771,1.6119167,
brazil,2919207,-38.323819522211416,-12.877623837752491,2355,1.4183918,
brazil,2919504,-41.84493844560458,-13.650001232279134,345,1.8573978,
brazil,2919553,-45.78504320421848,-12.085253280709635,1829,1.6276236,
brazil,2920502,-40.430666995317424,-13.442086980082053,198,2.462802,
brazil,2920601,-38.91866474058929,-12.776266067909626,75,2.4787345,
brazil,2921005,-38.302297705240754,-12.543514717917816,230,2.8648322,
brazil,2921708,-41.16053041994379,-11.548041369186576,204,2.0592818,
brazil,2922003,-39.54666076475954,-18.070948982084303,147,2.0310044,
brazil,2922508,-39.01020403363973,-13.033153438924282,143,2.165148,
brazil,2923001,-39.37904106955768,-17.9025612774674,218,1.760032,
brazil,2924009,-38.22539949941065,-9.41174104143657,989,1.7386408,
brazil,2925105,-40.364520426772955,-14.52795516154438,407,1.7903941,
brazil,2925204,-38.3287719199654,-12.41646351389066,293,2.2736313,
brazil,2925303,-39.07624428129849,-16.41018879468332,973,1.725518,
brazil,2925501,-39.22862085566094,-17.32239075990827,289,1.9457041,
brazil,2926004,-42.083465501736185,-9.616287310480391,284,1.8097725,
brazil,2926301,-39.38494094897297,-11.80530772111498,204,2.3794775,
brazil,2926608,-38.53865489283755,-10.834964592956222,308,1.8379097,
brazil,2927002,-37.93054663610697,-11.485506464265798,227,2.1465828,
brazil,2927200,-40.49837251010666,-12.284394678883041,228,2.087304,
brazil,2927408,-38.43305315116078,-12.916676557808223,9702,1.467458,
brazil,2927705,-39.027776409440555,-16.315824034553653,371,2.2210329,
brazil,2928000,-39.37578933848796,-11.253248327036834,182,2.0526512,
brazil,2928109,-44.203240503393495,-13.390956045319498,296,1.8163992,
brazil,2928604,-38.716131830432715,-12.541637159453286,204,2.6277208,
brazil,2928703,-39.25977927878621,-12.972368265995682,612,2.1219335,
brazil,2928802,-39.251464002335545,-12.43940735494653,466,2.1238346,
brazil,2929057,-44.19018182117632,-13.406631177104082,115,1.2492219,
brazil,2929206,-38.64431963332976,-12.629219632594793,189,2.5525472,
brazil,2929305,-38.955504975499295,-12.359211089260572,479,2.0436568,
brazil,2929503,-38.49490580836349,-12.519815277659738,191,2.2338703,
brazil,2929909,-41.772667816987386,-12.417809300756607,340,1.9156373,
brazil,2930105,-40.18437361741426,-10.461433326152788,408,2.0010145,
brazil,2930204,-41.88305416345852,-9.74341542390706,97,1.8239337,
brazil,2930501,-39.01115588101821,-11.668927130110411,555,1.9883101,
brazil,2930709,-38.403355197804764,-12.797484480957108,2548,2.1458538,
brazil,2930774,-40.81137047734772,-9.471656120193611,306,1.6546034,
brazil,2931350,-39.738753008593896,-17.541533762238828,1272,1.5520203,
brazil,2931905,-38.79074038789825,-10.994867825242453,257,1.8736792,
brazil,2932903,-39.068647340111674,-13.366708927654134,319,2.2208776,
brazil,2933208,-38.61755479346663,-12.96257417763031,163,2.4823656,
brazil,2933307,-40.84073291595005,-14.86399231815449,3435,1.7557129,
brazil,2933604,-42.716343707293376,-10.821997866986644,311,1.5388707,
brazil,3100203,-45.44594277177762,-19.159723543314293,302,1.9004563,
brazil,3101102,-41.068471936135516,-19.493939100337958,179,2.475466,
brazil,3101508,-42.68211624307818,-21.86865435319973,258,2.5376818,
brazil,3101607,-45.95600892577864,-21.4167815039061,1028,1.7230779,
brazil,3101706,-40.69183900080917,-16.17436153744952,307,2.0054576,
brazil,3102605,-46.57814031451671,-22.07650516041779,405,1.3664175,
brazil,3103405,-42.06079730499343,-16.849399624967972,408,1.6179798,
brazil,3103504,-48.18888126438591,-18.65091307654251,1444,1.448733,
brazil,3104007,-46.94070924387541,-19.589357244164766,1450,1.6197784,
brazil,3104205,-45.54516389371771,-20.288356234267745,630,1.714488,
brazil,3105103,-45.97375741056505,-20.017209329097977,311,1.7519361,
brazil,3105400,-43.48076428337101,-19.93731643214397,352,1.8612198,
brazil,3105608,-43.770426547864524,-21.22062781784553,1145,1.5749716,
brazil,3106002,-43.112406950334574,-19.820517957668528,93,2.5436382,
brazil,3106200,-43.964580293652816,-19.90520405529126,24003,1.1319231,
brazil,3106309,-42.485011350675144,-19.22265037430058,113,2.118766,
brazil,3106705,-44.16282475764495,-19.954389215592947,8644,1.3558402,
brazil,3107109,-45.55989461566459,-21.093084336763077,447,1.5815012,
brazil,3107307,-43.81583331341908,-17.115609694422343,428,1.844287,
brazil,3107406,-45.26241561715503,-19.74571800249809,762,1.5748454,
brazil,3108602,-44.43111261188529,-16.210438492283405,313,1.8467078,
brazil,3109006,-44.13633595091884,-20.143702860565988,796,1.7291998,
brazil,3109402,-44.968350232587504,-17.366254430252415,428,2.009564,
brazil,3109907,-44.4032684118538,-19.298342037404275,129,1.5258197,
brazil,3110004,-43.66554000718563,-19.88767869087654,321,1.6061817,
brazil,3110301,-46.46528147545017,-21.82815168432797,94,1.9022139,
brazil,3110608,-46.05431525132936,-22.592205221399603,414,1.8542063,
brazil,3111200,-45.27182290052009,-20.892428244020948,628,1.6845767,
brazil,3112307,-42.51881681245878,-17.692272020815402,363,1.7540009,
brazil,3112505,-44.117615108683125,-19.54408578523619,62,1.4003192,
brazil,3113305,-42.02893371699128,-20.729833173058694,194,2.5276468,
brazil,3113404,-42.17397954151277,-19.745971340807255,609,1.9657127,
brazil,3114105,-45.08262629461229,-22.12867820663386,45,2.2123203,
brazil,3114204,-44.76860941886715,-20.175033736391516,699,1.853042,
brazil,3114303,-46.31088869149094,-18.998843099119764,301,2.0967767,
brazil,3115300,-42.68962911976719,-21.391284221313732,498,1.7370785,
brazil,3115508,-44.9307295698504,-21.98047621772131,262,1.8305211,
brazil,3115904,-43.26014752225383,-21.65666830170735,31,2.7826898,
brazil,3116605,-44.77140927961064,-20.44104079877967,341,1.8609116,
brazil,3117306,-48.371829823449275,-19.92073735514586,291,1.8166447,
brazil,3117603,-44.884878756892384,-19.728229966964705,30,1.6127181,
brazil,3117836,-44.36597703257165,-15.452009789958899,31,1.8715374,
brazil,3117876,-43.983381165398306,-19.664996906022047,183,1.8206365,
brazil,3118007,-43.8251449837813,-20.508518360197183,816,1.6578643,
brazil,3118304,-43.78753886809426,-20.66131303460904,1275,1.3184468,
brazil,3118601,-44.072771412945215,-19.898947944308162,11858,1.3184508,
brazil,3119104,-44.45494938801764,-18.3706127522023,327,2.0215466,
brazil,3119302,-47.20585051052245,-18.47944642939607,389,1.8731918,
brazil,3119401,-42.612769916315884,-19.515188058754433,1175,2.0260131,
brazil,3119609,-43.30006458156399,-21.606035822977244,66,2.4722383,
brazil,3119906,-46.022810978205406,-22.62505565159825,47,2.4867334,
brazil,3120904,-44.434728243187266,-18.75938600373826,993,1.7023797,
brazil,3122306,-44.890155836840705,-20.14728776082981,2838,1.5133431,
brazil,3123601,-45.56096697168584,-21.60847352782971,300,1.9271586,
brazil,3124104,-44.20027349654821,-19.777614001775312,2938,1.5891565,
brazil,3125101,-46.316279179841594,-22.842157618489747,785,1.6472856,
brazil,3126000,-44.43447258334641,-19.88633650628754,191,1.8948652,
brazil,3126109,-45.43377774034873,-20.45880872272252,823,1.7189387,
brazil,3127107,-48.92633355480741,-20.025346585629904,700,1.530845,
brazil,3127701,-41.9552262053133,-18.869064348859784,1861,1.5740807,
brazil,3128006,-42.93748336318757,-18.781345268252444,341,2.0582051,
brazil,3128709,-46.71627376744534,-21.3083447791026,768,1.7222503,
brazil,3129806,-44.074686091591,-20.00930919984037,3129,1.504786,
brazil,3130101,-44.30947609507957,-20.05918920181153,1373,1.7349219,
brazil,3131109,-44.38054893712968,-18.752715223878678,38,1.6717882,
brazil,3131307,-42.553084525249034,-19.47100618030534,3196,1.559559,
brazil,3131703,-43.231046456625855,-19.643196332164113,1451,1.6549578,
brazil,3131901,-43.82499869612395,-20.243887123236668,907,1.6874835,
brazil,3132404,-45.461221583167415,-22.42928330623159,854,1.7096817,
brazil,3132503,-42.863672177841686,-17.861948006555032,299,2.0993488,
brazil,3133808,-44.58537482974029,-20.08345281811793,1276,1.511328,
brazil,3134202,-49.46406860686543,-18.980465497029613,1270,1.4964374,
brazil,3134400,-50.19618677604722,-19.730741067483955,512,1.8089886,
brazil,3134608,-43.887735313427356,-19.56233982822479,31,1.7816638,
brazil,3134905,-46.612016636479005,-22.286423306616054,374,1.7883428,
brazil,3135001,-42.70145767516289,-19.55817542621332,22,2.277483,
brazil,3135050,-43.67444874038502,-15.34022928653646,263,1.8043697,
brazil,3135100,-43.31126910011104,-15.810326804930313,747,1.854301,
brazil,3135209,-44.37152289289761,-15.479756295942405,460,1.8399705,
brazil,3136207,-43.16863966948498,-19.828693033332904,873,1.7592278,
brazil,3136306,-46.17599443196053,-17.743597231095684,475,1.8910793,
brazil,3136652,-44.338362496956115,-19.964565713269685,1150,1.5314605,
brazil,3136702,-43.38070092738483,-21.737556664473257,4158,1.628782,
brazil,3137205,-45.53375504509536,-20.023450580547586,687,1.5901693,
brazil,3137601,-43.89971298682177,-19.64295057940304,1834,1.5194708,
brazil,3138203,-44.99687286253069,-21.24409801264261,1148,1.6391613,
brazil,3138401,-42.64305605159019,-21.527910249349244,410,2.034499,
brazil,3139003,-45.918124944528266,-21.682608639350047,399,1.8640465,
brazil,3139409,-42.03629325275441,-20.259380200082884,372,2.3572795,
brazil,3139607,-40.98244188891824,-18.777212382217712,214,2.3842056,
brazil,3140001,-43.423926475047125,-20.37661330887658,356,1.79415,
brazil,3140159,-44.17409358818361,-20.063446090760564,328,1.7643957,
brazil,3140704,-44.42631889823299,-19.99134304807071,809,1.6652197,
brazil,3140803,-43.359976714631955,-21.835312888095437,56,2.1704361,
brazil,3141108,-44.07455561643787,-19.559746941508784,539,1.654799,
brazil,3143104,-47.49981674347242,-18.727505808625104,608,1.8213192,
brazil,3143302,-43.85293122687791,-16.723256866690466,3293,1.5350269,
brazil,3143401,-46.554514503396526,-22.42468226107688,326,1.5111789,
brazil,3143906,-42.373316030001135,-21.13123124922081,701,1.7327911,
brazil,3144300,-40.34952755955911,-17.84043090844141,399,1.9259859,
brazil,3144607,-45.23178418685632,-21.237380966682508,221,1.9674836,
brazil,3144805,-43.91658749562147,-20.044621062033713,3197,1.8001136,
brazil,3145059,-43.28731714417187,-15.784852863875397,71,1.8758564,
brazil,3145208,-44.976022809135024,-19.872839020306234,1289,1.6854408,
brazil,3145604,-44.828991616968594,-20.698250881245063,484,2.0057328,
brazil,3145901,-43.70216655509971,-20.522769683706798,445,1.8290777,
brazil,3146008,-46.376935611579825,-22.28030611595867,392,1.6909782,
brazil,3146107,-43.53207603975946,-20.392891780665053,449,2.2000256,
brazil,3147006,-46.873569283146104,-17.218760606441894,1060,1.5486228,
brazil,3147105,-44.59852204411767,-19.860663590033248,1170,1.4424093,
brazil,3147402,-44.409423438683596,-19.26842588792979,383,1.7187212,
brazil,3147907,-46.61343663727707,-20.722678920435165,1128,1.68807,
brazil,3148004,-46.50570901673564,-18.594643977530176,1736,1.5224507,
brazil,3148103,-46.989643992846936,-18.940470295689337,970,1.5122731,
brazil,3148707,-41.27735356351183,-16.000102736628996,188,2.1303012,
brazil,3149309,-44.0404294470262,-19.626922571062863,861,1.5972033,
brazil,3149705,-44.99898443237382,-19.930714359065075,44,1.9497188,
brazil,3151206,-44.92403476540851,-17.33649462656645,842,1.793039,
brazil,3151404,-44.887712744019844,-19.68987077233841,282,1.812083,
brazil,3151503,-45.962335636496675,-20.46504283893712,443,1.6142402,
brazil,3151800,-46.56840768556588,-21.80739130522507,1964,1.7743453,
brazil,3152006,-45.00116279693109,-19.225333055729717,484,1.9366072,
brazil,3152105,-42.89404751120583,-20.40229110444087,505,2.0952044,
brazil,3152204,-43.02851231187082,-15.747845281689012,250,1.8447607,
brazil,3152501,-45.920573441879164,-22.24588549005522,1747,1.616328,
brazil,3152808,-48.92127015092641,-19.309398056051602,377,1.9671367,
brazil,3153608,-44.11498076200271,-19.514555688346327,30,2.233507,
brazil,3153905,-43.81190365496697,-19.966543486288113,62,2.4833121,
brazil,3154606,-44.075377951979135,-19.78488048636556,5635,1.5951769,
brazil,3154804,-43.836888611560795,-20.152111009642038,35,1.9845684,
brazil,3156700,-43.84853585271939,-19.875635724824853,1559,1.759413,
brazil,3156908,-47.443075483391176,-19.870916832180075,302,2.0999935,
brazil,3157005,-42.295341336260144,-16.161948656387025,492,1.7962853,
brazil,3157203,-43.41804556749875,-19.96604952379671,341,1.8850815,
brazil,3157336,-44.224877719894316,-21.12046351107716,57,1.357292,
brazil,3157807,-43.88895382210233,-19.781105116895645,3408,1.4108666,
brazil,3158953,-42.521028439495616,-19.4335040225096,904,2.1109805,
brazil,3159605,-45.715890347977194,-22.24746141865403,444,1.862396,
brazil,3160405,-45.29002331190327,-20.09065768078553,330,1.6321942,
brazil,3160702,-43.55270692026217,-21.454236037966474,428,1.9773228,
brazil,3161106,-44.854825775996055,-15.955896909328091,392,1.9045568,
brazil,3161700,-45.25833382703614,-18.190885209599156,51,1.3919448,
brazil,3162005,-45.59767694001032,-21.903103120850755,302,1.9741851,
brazil,3162104,-46.051913665431115,-19.31491597799544,292,1.7448763,
brazil,3162500,-44.24597403154466,-21.126681567199388,943,1.6761138,
brazil,3162906,-43.01516524435545,-21.535486839653778,218,2.2392323,
brazil,3162922,-44.26094811421421,-20.058997664403325,1335,1.567005,
brazil,3162955,-43.978861475715746,-19.703486335038463,866,1.755245,
brazil,3163706,-45.053238631893585,-22.1164350296267,446,1.5000064,
brazil,3164407,-45.86193154065242,-22.204192047833825,33,1.5548773,
brazil,3164605,-44.94623128938702,-20.23435195658854,43,1.5594225,
brazil,3164704,-46.98412511907418,-20.911218489548187,804,1.5257747,
brazil,3165537,-44.133592146197145,-20.037116743249012,1489,1.5107571,
brazil,3167202,-44.23304879278799,-19.45354428388318,2207,1.5858083,
brazil,3168002,-42.22457215331647,-15.810945754916313,317,2.1595454,
brazil,3168606,-41.50406574578832,-17.86460213757217,905,1.9984828,
brazil,3168705,-42.633498398282086,-19.545263406126026,1146,1.7344217,
brazil,3168804,-44.20957648286504,-21.081808411426476,45,1.504314,
brazil,3169307,-45.27698271768118,-21.685511769077845,1078,1.5849082,
brazil,3169356,-45.22218315590684,-18.21610888516804,646,1.6991893,
brazil,3169406,-45.51395823722316,-21.372302482869152,562,1.6886963,
brazil,3169604,-48.695911821091684,-18.59939506627094,412,1.8800983,
brazil,3169901,-42.94062791758662,-21.11801124612334,1136,1.9129293,
brazil,3170057,-42.11340990748932,-19.72947570661042,32,2.8535547,
brazil,3170107,-47.94219731398838,-19.757369962250763,3382,1.2995414,
brazil,3170206,-48.27825524899689,-18.921403052790495,6805,1.2706459,
brazil,3170404,-46.901468389852724,-16.357300665991836,897,1.7487531,
brazil,3170701,-45.43959519470549,-21.568787048645063,1629,1.5470049,
brazil,3170800,-44.732096416348206,-17.601032008130584,377,1.893294,
brazil,3171204,-43.94430869886232,-19.735203402361837,1857,1.4248726,
brazil,3171303,-42.87600616359825,-20.751694359197717,676,1.8547145,
brazil,3172004,-42.83721843624949,-21.012475875921638,496,1.9424207,
brazil,3200201,-41.535947960814866,-20.76379608250142,114,2.4514494,
brazil,3200409,-40.57884972980024,-20.76712569587713,29,1.6227064,
brazil,3200607,-40.272324123265605,-19.822677307435903,494,1.7695316,
brazil,3200706,-41.18999013765106,-20.916220111370848,114,2.2331336,
brazil,3200805,-41.01813131035128,-19.5114073862102,276,1.8270547,
brazil,3200904,-40.89373302792212,-18.757059662829295,226,2.0083425,
brazil,3201209,-41.130408260415585,-20.836502261298246,1577,1.9835562,
brazil,3201308,-40.38705000627548,-20.317219547611174,3078,1.6068789,
brazil,3201407,-41.207447088075,-20.618119410817418,234,2.298614,
brazil,3201506,-40.644759103201075,-19.518102340564784,1141,1.9501776,
brazil,3201605,-39.744671561188156,-18.579778062367268,176,2.3177748,
brazil,3202306,-41.67511947536639,-20.777299626206926,168,2.5767715,
brazil,3202405,-40.48251845704373,-20.63264049515183,1478,1.9820163,
brazil,3202801,-40.859936871214856,-21.01644728601934,353,2.0210934,
brazil,3203056,-40.07256326892321,-18.910054244995713,204,2.043442,
brazil,3203320,-40.848848026797484,-21.063701198786294,891,1.9615397,
brazil,3203908,-40.40786025623076,-18.705816367906575,472,2.095997,
brazil,3204708,-40.53727248007489,-19.016759403947088,236,2.1439738,
brazil,3204906,-39.858932584284226,-18.716728493562936,829,1.6941295,
brazil,3205002,-40.25945392978609,-20.14373391054523,1796,1.810236,
brazil,3205010,-40.100990004400785,-19.195234409364595,225,2.223076,
brazil,3205101,-40.439457932410235,-20.372288186764262,724,1.6785322,
brazil,3205200,-40.32767802418898,-20.366168111108465,2241,1.5143468,
brazil,3205309,-40.31485630170785,-20.296197257244014,1914,1.5348554,
brazil,3300209,-42.33483757863584,-22.85945307371167,1948,1.7650744,
brazil,3300233,-41.936018418036504,-22.772249437540268,916,2.0839417,
brazil,3300258,-42.12973383890044,-22.943940448275423,531,1.9479107,
brazil,3300308,-43.86196266889259,-22.475074618350416,807,2.2039876,
brazil,3300407,-44.16377791694178,-22.542344431451788,2041,1.7606981,
brazil,3300456,-43.382250214999004,-22.741501747931242,6355,1.3423603,
brazil,3300506,-42.41846419665187,-22.163681550043453,169,2.362942,
brazil,3300605,-41.67581817662141,-21.136794756962704,189,2.1189618,
brazil,3300704,-42.027612813182216,-22.860570744269065,2743,1.5501007,
brazil,3300803,-42.70797356598243,-22.547589678586476,472,2.3213692,
brazil,3301009,-41.30347340284366,-21.77127896785576,3334,1.6462193,
brazil,3301306,-42.11111807536404,-22.50480632781195,290,2.3783047,
brazil,3301702,-43.30752812564239,-22.76657945058291,4952,1.5651312,
brazil,3301801,-43.67767694011797,-22.549578433224706,53,2.9688623,
brazil,3301850,-42.99271096799063,-22.581676996480873,622,2.2785962,
brazil,3301876,-42.20035805382105,-22.833044383940397,179,1.786788,
brazil,3301900,-42.85792947330002,-22.74355755588152,1633,1.8028315,
brazil,3302007,-43.77737002477714,-22.858690232929323,3305,1.8284385,
brazil,3302205,-41.86963756718548,-21.210507088070706,187,2.2660406,
brazil,3302254,-44.54846172066479,-22.481188278800005,913,2.0020518,
brazil,3302270,-43.616937542069884,-22.675808943131354,2269,2.1686873,
brazil,3302403,-41.809418335141956,-22.367673945910784,2701,1.7359395,
brazil,3302502,-43.04122253261509,-22.635561049996042,914,2.1184833,
brazil,3302601,-44.031702498350306,-22.949810899300644,288,2.2851207,
brazil,3302700,-42.87471349753792,-22.935132861540826,2126,1.7893494,
brazil,3302809,-43.768722871412955,-22.522912978853334,31,2.6531997,
brazil,3302858,-43.42604015357944,-22.785303717286236,2760,1.6049083,
brazil,3302908,-43.469780120192105,-22.455511128291757,446,2.2761436,
brazil,3303005,-42.198379458315834,-21.41494256521622,183,2.1262467,
brazil,3303203,-43.41709218418823,-22.810825148045094,1846,1.5602425,
brazil,3303302,-43.08438050605098,-22.90239162070064,4158,1.544308,
brazil,3303401,-42.53079973607167,-22.2735143969347,1067,2.0086749,
brazil,3303500,-43.505851524638665,-22.756555936187706,12425,1.6426258,
brazil,3303609,-43.71381003976309,-22.628472037937815,411,2.6376224,
brazil,3303708,-43.283235311707216,-22.157430621691805,376,2.3545022,
brazil,3303807,-44.721266076870954,-23.189773381823816,257,2.1237624,
brazil,3303856,-43.423717630782924,-22.420638465102005,346,2.1416676,
brazil,3303906,-43.18192822992516,-22.494438439839865,1560,2.080363,
brazil,3303955,-44.013734959768634,-22.51348016174709,242,2.028217,
brazil,3304003,-43.913606705130015,-22.6137417670898,416,2.3673398,
brazil,3304110,-44.322812478832084,-22.430884214457276,490,1.6162786,
brazil,3304128,-44.272719806949794,-22.418098156129673,46,1.7901452,
brazil,3304144,-43.57450822751915,-22.72163444606403,3692,1.7823856,
brazil,3304201,-44.46858442079766,-22.474450735095775,1446,1.3535029,
brazil,3304300,-42.62258245315534,-22.716014642829588,562,2.6921477,
brazil,3304524,-41.93389426938997,-22.49731639476093,1434,1.6309011,
brazil,3304557,-43.42706501797015,-22.900236445535814,53216,1.4487231,
brazil,3304706,-42.1854943159371,-21.540701965366114,334,2.193591,
brazil,3304755,-41.08371525462643,-21.506395530753814,630,1.8585716,
brazil,3304805,-41.7500948014497,-21.64508369760158,163,2.0927572,
brazil,3304904,-43.03171074264391,-22.8331610179132,4654,1.6359459,
brazil,3305000,-41.10860440050542,-21.69464246511464,76,2.1236858,
brazil,3305109,-43.36663807536473,-22.784567256142232,5645,1.4268821,
brazil,3305208,-42.09102878882723,-22.833887683291717,2260,1.8533952,
brazil,3305505,-42.473824040481304,-22.90036368414121,1719,2.0344982,
brazil,3305554,-43.684255992111936,-22.776208443884332,4301,1.7995925,
brazil,3305752,-42.741955856903225,-22.742719042494606,366,2.4942212,
brazil,3305802,-42.9556926269535,-22.407166563794462,1080,1.9973238,
brazil,3306008,-43.19596503556661,-22.114917571583664,866,2.3335884,
brazil,3306107,-43.711038983596445,-22.25915627861844,563,2.3145695,
brazil,3306206,-43.68357234580841,-22.410319256659516,367,2.4976695,
brazil,3306305,-44.10072067828395,-22.511701912955157,3073,1.6215715,
brazil,3500105,-51.07590552891144,-21.68447601137201,537,1.6729177,
brazil,3500303,-46.97863563573507,-22.05924478213141,424,1.5396056,
brazil,3500402,-46.719783283782775,-21.946902621239033,93,1.4242585,
brazil,3500600,-47.874027506634185,-22.59994558029883,94,1.6051037,
brazil,3500709,-48.986662386799466,-22.452775546650933,598,1.7358372,
brazil,3501152,-47.30763740132272,-23.50430253225899,66,1.8213234,
brazil,3501301,-51.45969419512837,-22.08187069512236,823,1.8347701,
brazil,3501608,-47.315871110963165,-22.73293970133584,5942,1.0983002,
brazil,3501707,-48.11425306145061,-21.73712825473118,434,1.604051,
brazil,3501905,-46.785564760803005,-22.70613297406142,885,1.8107188,
brazil,3502101,-51.37550338526499,-20.8978386005796,811,1.5399423,
brazil,3502507,-45.235423776270814,-22.84892352557988,425,1.6280104,
brazil,3502754,-47.08960617382795,-23.43712472063427,287,2.0621881,
brazil,3502804,-50.448595433588345,-21.203433575212618,2345,1.2374172,
brazil,3502903,-47.61022714980963,-23.531323421246963,1710,1.5700531,
brazil,3503208,-48.169707146764935,-21.781142972192068,3082,1.184871,
brazil,3503307,-47.37287049624483,-22.356661978193475,1663,1.2760113,
brazil,3503802,-47.1536869647912,-22.57636376219456,1155,1.5755235,
brazil,3503901,-46.32897076661061,-23.40398458631251,3222,1.3466104,
brazil,3504008,-50.420783370381045,-22.65466529856029,1324,1.4686451,
brazil,3504107,-46.587124026424576,-23.108599714211177,3722,1.6511517,
brazil,3504503,-48.92787843786299,-23.09987233088816,1034,1.3153934,
brazil,3504602,-49.45337361758482,-20.91290685783284,463,1.5351827,
brazil,3505203,-48.736809565748025,-22.076095167270157,493,1.4871607,
brazil,3505302,-48.55470717575225,-22.48239638392286,758,1.5681957,
brazil,3505500,-48.57046153181811,-20.554376261930503,1592,1.4787271,
brazil,3505609,-48.1543398068126,-21.191955835996986,252,1.8260641,
brazil,3505708,-46.85874950389055,-23.504186621372344,5778,1.3404233,
brazil,3505906,-47.58664276207023,-20.893643901398423,853,1.5500497,
brazil,3506003,-49.066558554421114,-22.324204230826755,3936,1.2592317,
brazil,3506102,-48.47925979287769,-20.938510644105342,980,1.1951581,
brazil,3506359,-46.032376620905296,-23.799322635394596,1219,1.7873163,
brazil,3506508,-50.34100752820461,-21.286183342559852,1488,1.1691643,
brazil,3506607,-46.03837869600624,-23.570529040773785,498,1.9956766,
brazil,3507001,-47.68923048364379,-23.293469384350075,1559,1.5242686,
brazil,3507100,-46.46973982564333,-23.13742909558154,616,1.5578011,
brazil,3507506,-48.45496789528359,-22.894031679721287,1966,1.4174354,
brazil,3507605,-46.555515041697696,-22.953038395735017,3206,1.5106746,
brazil,3507803,-47.654796824323554,-20.991809952537626,371,1.2936251,
brazil,3507902,-48.12656388651001,-22.27915918875519,366,1.6679839,
brazil,3508405,-47.10418547634495,-23.279075456997578,403,1.7635349,
brazil,3508504,-45.705882790537416,-23.115994573695318,1591,1.73549,
brazil,3508603,-45.015205898610176,-22.654195060777592,421,1.8648758,
brazil,3509007,-46.733984432173926,-23.37036549962473,2289,1.7344625,
brazil,3509205,-46.846126625883,-23.373065975223824,1862,1.7717375,
brazil,3509254,-48.12160053375421,-24.720552760571035,468,1.8226979,
brazil,3509403,-47.304586197773695,-21.272471472725275,340,1.7769957,
brazil,3509502,-47.08481136259449,-22.914071332076258,13865,1.0804585,
brazil,3509601,-46.77093111664296,-23.208672191970173,1863,1.4954616,
brazil,3509700,-45.58579356447849,-22.73545760354323,605,1.722677,
brazil,3509957,-45.05911738311946,-22.70888463042634,25,1.4529201,
brazil,3510005,-50.38577225267084,-22.747051230249305,344,1.6355613,
brazil,3510203,-48.344349408779905,-24.00285568795205,518,1.6525068,
brazil,3510302,-47.73510325410244,-23.49042188094159,436,1.8203341,
brazil,3510401,-47.49378465803915,-22.995949298198312,701,1.6352826,
brazil,3510500,-45.382708347650336,-23.6122087267018,1127,1.890536,
brazil,3510609,-46.836770132249576,-23.54308292160202,3291,1.2537897,
brazil,3510807,-47.0794322267509,-21.775633852307855,460,1.3953692,
brazil,3511102,-48.9765473673399,-21.136748849513616,1589,1.4300727,
brazil,3511300,-49.27792429479192,-20.89433412040928,72,2.2360666,
brazil,3511508,-47.747196250339876,-23.166313933545425,1052,1.364884,
brazil,3511607,-47.90297540810082,-23.26077369428033,37,1.9058657,
brazil,3511706,-47.805616355307414,-22.52132395976625,34,2.5614583,
brazil,3512209,-47.165709668987546,-22.336817499517498,334,1.4587587,
brazil,3512407,-47.440693065136955,-22.482730413243658,643,1.717386,
brazil,3512803,-47.18882190378627,-22.649092338941436,1052,1.5730156,
brazil,3513009,-46.91630072082325,-23.617708698463215,5129,1.3166347,
brazil,3513108,-47.73800376378435,-21.321987571683465,503,1.7739023,
brazil,3513207,-47.42618949295134,-20.441665531637256,84,1.9850093,
brazil,3513405,-44.96808423722452,-22.577957283230443,672,1.6121101,
brazil,3513504,-46.41345013719943,-23.881915277491366,2776,1.7514513,
brazil,3513702,-47.612609804253964,-21.908411728989737,502,1.780349,
brazil,3513801,-46.60940416150604,-23.69323919308831,4249,1.0290465,
brazil,3514106,-48.38571475074398,-22.374680476317366,348,1.6097822,
brazil,3514403,-51.53597692414518,-21.484240484166033,607,1.3380892,
brazil,3514908,-47.34593396951954,-23.085210245478617,76,1.9175934,
brazil,3515004,-46.82970815480389,-23.6517995050385,3792,1.3536613,
brazil,3515103,-46.808909132126935,-23.832645397850357,1535,1.761979,
brazil,3515152,-47.17379670621088,-22.51662091325038,35,2.3006597,
brazil,3515186,-46.762080688740966,-22.19493633330015,494,1.4348762,
brazil,3515509,-50.24745350942976,-20.280031008460544,1095,1.407731,
brazil,3515707,-46.37198344364414,-23.545782768553856,3058,1.1825545,
brazil,3516200,-47.40061463619153,-20.532898288606606,3515,1.198565,
brazil,3516309,-46.73624462724643,-23.27685352508204,1948,1.8441925,
brazil,3516408,-46.72348528837114,-23.316200353285122,2229,1.6245208,
brazil,3516705,-49.659323019863294,-22.215904225022932,596,1.5149202,
brazil,3517208,-49.78778776397433,-21.641140860136257,135,1.9184091,
brazil,3517406,-48.31452018502017,-20.323013439690623,475,1.4757788,
brazil,3517505,-49.24357046849052,-20.78834596888417,394,1.8492506,
brazil,3517703,-47.83255854369995,-20.518908891206657,28,1.7104536,
brazil,3518206,-50.647736656548624,-21.25230875673093,382,1.4395916,
brazil,3518305,-46.0873574257616,-23.375837499482092,1243,2.0877028,
brazil,3518404,-45.191921755713274,-22.792016366289634,1524,1.5607982,
brazil,3518602,-48.229198517026,-21.362797539809872,400,1.6463183,
brazil,3518701,-46.2595493330218,-23.967125161527964,2501,1.4932857,
brazil,3518800,-46.471402127215555,-23.437732722712397,21179,1.403473,
brazil,3519055,-47.06632769252883,-22.628565744611645,339,1.663999,
brazil,3519071,-47.208507322602074,-22.882685924196092,3235,1.2492942,
brazil,3519303,-48.00399323680137,-21.948283532739623,384,1.6878384,
brazil,3519600,-48.83502002514886,-21.760803156360065,883,1.4827007,
brazil,3519709,-47.20422859907671,-23.682748833694365,1770,1.7337618,
brazil,3520004,-48.56096807734801,-22.515688578829206,455,1.5066777,
brazil,3520103,-47.76314451846895,-20.034373352366387,454,1.6229646,
brazil,3520202,-46.11968842057963,-23.218699651909198,46,1.4136314,
brazil,3520301,-47.51795313187657,-24.691913486684747,270,2.0254712,
brazil,3520400,-45.363361395462924,-23.810683612079572,259,2.0216928,
brazil,3520426,-47.51091783123843,-24.718997910945806,279,2.3124125,
brazil,3520442,-51.337981957609436,-20.423022957718945,409,1.5423629,
brazil,3520509,-47.217648106874755,-23.10033853672724,3676,1.4456614,
brazil,3521002,-47.660805887495336,-23.37821483300247,689,1.8086287,
brazil,3521150,-49.383605354687454,-20.706648131685196,59,1.6541306,
brazil,3521408,-47.50941624196484,-22.5893124679257,386,1.5902836,
brazil,3521804,-49.10481192218749,-23.406356953049837,436,1.8497964,
brazil,3522109,-46.81783952927713,-24.190380773986423,2011,1.5963585,
brazil,3522208,-46.82931281382562,-23.71997551928352,2869,1.5295185,
brazil,3522307,-48.0462230713204,-23.590195628947782,1801,1.4219788,
brazil,3522406,-48.88314115275461,-23.986506154421004,979,1.5882843,
brazil,3522505,-46.94466948283619,-23.5463355228985,2126,1.4428806,
brazil,3522604,-46.817416234530924,-22.430591246164017,1243,1.515542,
brazil,3522703,-48.81105250138149,-21.597054001043226,570,1.5617684,
brazil,3522901,-48.711856758785245,-22.311823078011496,21,1.6292474,
brazil,3523107,-46.340509448258295,-23.462641885982652,6496,1.336573,
brazil,3523206,-49.32870680858971,-24.111795076488168,497,1.650657,
brazil,3523305,-47.03136158134861,-24.290782482171807,48,3.0994024,
brazil,3523404,-46.79913452227541,-23.011321420053342,744,1.8141745,
brazil,3523909,-47.31258338199034,-23.31827255309895,3815,1.3976818,
brazil,3524006,-47.05572892639305,-23.146627793498126,2381,1.5264248,
brazil,3524105,-47.78918271094453,-20.33359593191795,461,1.748663,
brazil,3524303,-48.31913860623196,-21.256411245320987,1063,1.3489316,
brazil,3524402,-45.98030029218884,-23.2970507426618,5216,1.4797179,
brazil,3524709,-46.99592378611747,-22.68606385236548,1614,1.5566703,
brazil,3524808,-50.54348590128167,-20.271328293560828,748,1.4312748,
brazil,3524907,-45.78015794126497,-23.297649575128,23,2.3613303,
brazil,3525003,-46.902972958075786,-23.540726378331232,1231,1.1648192,
brazil,3525102,-47.78153209673557,-21.03881487845092,671,1.7540045,
brazil,3525201,-46.71147270573592,-23.113406820211644,2067,1.7125608,
brazil,3525300,-48.55654534335899,-22.290766883680124,1572,1.4326357,
brazil,3525706,-49.681022271415436,-21.055130609194883,481,1.4887314,
brazil,3525854,-47.79454973790251,-23.093806394362847,28,1.6464547,
brazil,3525904,-46.91152620756586,-23.174056484351503,5723,1.1852063,
brazil,3526407,-47.83720018703659,-23.04748746313294,421,1.6487241,
brazil,3526605,-44.925478104198426,-22.559804516089454,45,1.421542,
brazil,3526704,-47.38646887663358,-22.188222618807544,1080,1.3166434,
brazil,3526803,-48.803633952135954,-22.59496286981839,871,1.5386661,
brazil,3526902,-47.39362565605397,-22.594899538777586,4239,1.3151965,
brazil,3527009,-46.65726834739064,-22.529618130843115,21,1.9579052,
brazil,3527108,-49.750370369672694,-21.67519312910917,1001,1.406891,
brazil,3527207,-45.1180043623316,-22.740245258289885,1030,1.5884714,
brazil,3527306,-46.95242973737424,-23.08618949948799,1832,1.4112698,
brazil,3528403,-47.20612034641317,-23.478463338092094,998,1.6162385,
brazil,3528502,-46.60382275839858,-23.33011832035249,1943,2.0551798,
brazil,3529005,-49.95134102454648,-22.206992768983536,2341,1.2971765,
brazil,3529203,-51.171668100925956,-22.145054028681137,291,1.8696709,
brazil,3529401,-46.455787473741765,-23.670879333651357,7131,1.2445943,
brazil,3530102,-51.10173603758245,-21.13698427473711,302,1.625038,
brazil,3530300,-49.49443464061342,-20.81610863982661,1002,1.2453753,
brazil,3530508,-47.009309002602784,-21.46999403709748,921,1.466458,
brazil,3530607,-46.207578376347314,-23.51013081094222,4676,1.6933517,
brazil,3530706,-46.94224077817532,-22.346066887318017,2406,1.2196302,
brazil,3530805,-46.95792807559056,-22.434106329358798,2030,1.4403065,
brazil,3531100,-46.68409620210846,-24.118551506604774,914,1.7651414,
brazil,3531308,-48.49360449274117,-21.26537096354263,635,1.5136455,
brazil,3531407,-49.71053282402538,-20.769670317062563,285,1.5639716,
brazil,3531803,-47.27921295348959,-22.93284774231328,1248,1.5083538,
brazil,3531902,-48.05194650167828,-20.725775327392586,320,1.5632991,
brazil,3532405,-46.439365542815146,-23.18036876880554,81,2.132161,
brazil,3533403,-47.292430215681726,-22.785793412690172,2066,1.3931389,
brazil,3533502,-49.21646424345462,-21.470208325870374,479,1.6220313,
brazil,3533908,-48.907401138130275,-20.732023748805545,763,1.4816753,
brazil,3534302,-47.882222488964715,-20.71955671440685,523,1.5485731,
brazil,3534401,-46.79043623119684,-23.530518752414213,7638,1.1984931,
brazil,3534609,-50.88137833308333,-21.791608097710323,435,1.4861987,
brazil,3534708,-49.87505212517717,-22.976752223948075,1467,1.2892293,
brazil,3535507,-50.578394655120604,-22.420087641681306,472,1.4751956,
brazil,3536307,-47.320127100319596,-20.59608033468676,23,1.3201401,
brazil,3536505,-47.15187357379852,-22.755127496594245,4732,1.3003069,
brazil,3536703,-48.79256247387899,-22.342193951855275,780,1.7487129,
brazil,3537107,-46.90213747998059,-22.735630859477656,625,1.6963065,
brazil,3537305,-50.07898683964809,-21.418567667014496,851,1.4316105,
brazil,3537404,-51.10985205286702,-20.63633324741414,407,1.6124647,
brazil,3537602,-46.97964545597339,-24.290803786646986,1314,1.7944161,
brazil,3537800,-47.428952353205965,-23.715358703359552,942,2.0587459,
brazil,3537909,-47.75479382051962,-23.803416666857593,633,1.7942417,
brazil,3538006,-45.454679696000966,-22.939148287610386,1881,1.7332776,
brazil,3538105,-48.92955433218457,-21.17951288784301,43,2.0225158,
brazil,3538600,-46.380005756475164,-23.04946876716453,424,1.5991726,
brazil,3538709,-47.64255709341119,-22.728971243549427,5176,1.1735376,
brazil,3539103,-46.98881032546655,-23.403309560659856,190,2.099676,
brazil,3539202,-51.497355887939605,-22.27628789871808,295,1.710261,
brazil,3539301,-47.423614530825944,-21.998250119380874,1011,1.4390672,
brazil,3539400,-49.13502925576646,-22.399140250674893,206,1.8712746,
brazil,3539509,-48.21737825846649,-21.010533439685766,343,1.6256446,
brazil,3539806,-46.34839357084148,-23.527115879490008,2553,1.172721,
brazil,3540200,-48.037878423551554,-21.026235617975942,258,1.8795371,
brazil,3540606,-47.52425411001963,-23.22455144951658,702,1.4783049,
brazil,3540705,-47.47797439012184,-21.85575256069249,784,1.4080526,
brazil,3540754,-45.25930063983628,-22.83314702264176,237,2.0692053,
brazil,3541000,-46.46380274676259,-24.01588769930717,1960,1.6187418,
brazil,3541208,-51.530216654973515,-22.05648007169562,20,2.3003325,
brazil,3541307,-52.118150213537,-21.772187647284074,706,1.4846904,
brazil,3541406,-51.41381061207448,-22.123756380750635,3966,1.0940292,
brazil,3541505,-51.84914987386531,-21.878903247715467,547,1.6874915,
brazil,3541604,-49.855924913258406,-21.54257258821384,339,1.6235005,
brazil,3542107,-47.53033106851392,-23.01635961806591,111,1.6984291,
brazil,3542206,-50.89718324259115,-22.22772809306935,385,1.7007755,
brazil,3542404,-51.340690476442894,-22.171914815408886,23,1.9364151,
brazil,3542602,-47.845510493121544,-24.502740512360315,769,1.7726566,
brazil,3542701,-47.475140704563934,-20.593041734730715,102,2.0711389,
brazil,3543303,-46.40886699506161,-23.703407201461964,4487,1.4403749,
brazil,3543402,-47.798640083689094,-21.178354071005522,6351,1.2262229,
brazil,3543907,-47.57002075068924,-22.402903574647585,2316,1.2886895,
brazil,3544004,-47.59528080852034,-22.827294564353934,651,1.749408,
brazil,3544103,-46.39329326468725,-23.744595502442888,1036,1.6124107,
brazil,3544509,-50.99596852966353,-20.17925971279585,65,1.133778,
brazil,3544905,-47.8521600050936,-20.755383973442385,57,1.5686234,
brazil,3545209,-47.29153366952953,-23.192530242222286,2541,1.4058838,
brazil,3545308,-47.570899857784426,-23.6364441404462,1471,1.6564417,
brazil,3545803,-47.39485164627952,-22.74933200097241,3043,1.2410585,
brazil,3546009,-45.96668078130829,-23.42285477531454,65,2.388239,
brazil,3546306,-47.250032587265245,-21.824231447283825,287,1.719581,
brazil,3546405,-49.627164427078846,-22.894859963063375,705,1.3760283,
brazil,3546603,-50.93120675717471,-20.20819621880013,583,1.4161644,
brazil,3546702,-47.528059687584026,-22.459436155503,696,1.396657,
brazil,3546801,-46.23136093355583,-23.3247069159761,1010,1.904614,
brazil,3547304,-46.88167594420747,-23.455366779592435,3070,1.5209683,
brazil,3547502,-47.48376691009626,-21.70343848011103,403,1.4452381,
brazil,3547601,-47.37197057218436,-21.4880754582708,313,1.7814512,
brazil,3547809,-46.51474568197978,-23.66860983420905,11578,0.967667,
brazil,3548005,-46.951439807546244,-22.60984709290976,568,1.6403424,
brazil,3548500,-46.34243888586204,-23.937864037036583,3697,1.2191421,
brazil,3548708,-46.56588796267984,-23.717163798896866,13257,0.9434143,
brazil,3548807,-46.565688958145344,-23.6274505072757,2532,0.98270303,
brazil,3548906,-47.87589582535173,-22.013462189582896,1560,1.3711739,
brazil,3549102,-46.782617907869586,-21.98071912213083,1129,1.4303606,
brazil,3549409,-47.857493399666964,-20.578016100190595,497,1.4286541,
brazil,3549706,-46.89658885177823,-21.60171739150996,734,1.6223065,
brazil,3549805,-49.376970107442276,-20.80435055818955,5582,1.1608225,
brazil,3549904,-45.869999214580524,-23.211886135190998,8153,1.5037589,
brazil,3550100,-48.57604211620331,-22.7438166236443,620,1.7732009,
brazil,3550209,-47.997640027040184,-23.881605424068503,257,1.899304,
brazil,3550308,-46.61373246253252,-23.57086348290958,85395,1.1860524,
brazil,3550407,-47.90672175569773,-22.571640709506827,888,1.6916234,
brazil,3550605,-47.1333861686734,-23.525020892594657,1333,1.7608182,
brazil,3550704,-45.44601594013644,-23.800149771092237,387,2.4685702,
brazil,3551009,-46.41996468555352,-23.963596610047126,2270,1.369026,
brazil,3551108,-47.71856960098704,-23.619921890643838,20,1.8010839,
brazil,3551504,-47.606255664354116,-21.20613148486277,442,1.6444639,
brazil,3551603,-46.70227258720763,-22.61060745013965,665,1.8861394,
brazil,3551702,-47.99557713376801,-21.13579313074154,1370,1.4384633,
brazil,3552106,-46.527307624437164,-22.591631238759234,527,1.7170775,
brazil,3552205,-47.456916711895,-23.478739636215824,8401,1.2443393,
brazil,3552403,-47.23103146998412,-22.82373053518445,4824,1.3153557,
brazil,3552502,-46.311824455860496,-23.562243164100042,5846,1.49028,
brazil,3552809,-46.78521745386422,-23.62090889919985,2837,1.167161,
brazil,3553401,-49.65456604013327,-20.62253454552341,358,1.656023,
brazil,3553708,-48.50094472523366,-21.406087677299805,660,1.4495621,
brazil,3553807,-49.24374469692887,-23.53467274930691,298,1.7133379,
brazil,3554003,-47.840395441552836,-23.345587208491633,1883,1.5482152,
brazil,3554102,-45.56642771160306,-23.027509707056176,4245,1.3757297,
brazil,3554508,-47.70937654689885,-23.107143272286585,752,1.42215,
brazil,3554805,-45.558319660576096,-22.970663918677527,1543,1.7211165,
brazil,3554904,-50.90684814241994,-20.249875265900453,41,1.9022133,
brazil,3554953,-46.678713562778874,-22.85052671762835,107,1.3874956,
brazil,3555000,-50.509491649217644,-21.930620408150638,859,1.6010246,
brazil,3555406,-45.124980924174,-23.472949626012966,1122,2.1344793,
brazil,3556206,-47.00125247195726,-22.97771812370848,3937,1.188632,
brazil,3556305,-50.86543877593899,-21.22434485775903,249,1.4656526,
brazil,3556354,-46.42563011242695,-22.903046946194678,221,2.025778,
brazil,3556404,-46.902882893028114,-21.837250656070722,548,1.5885876,
brazil,3556453,-47.01429132519399,-23.62079636682541,1467,1.4415088,
brazil,3556503,-46.82407286675816,-23.212708250663045,1026,1.2142333,
brazil,3556701,-46.98728162124812,-23.040958955069826,3904,1.1690434,
brazil,3557006,-47.451173126172854,-23.55575172440859,2444,1.2413436,
brazil,3557105,-49.97702054205075,-20.418345535572108,1274,1.2498611,
brazil,3557303,-46.95941746336492,-22.264406191768867,237,1.603331,
brazil,4100400,-49.285398401152534,-25.32999681053102,2171,1.6408898,
brazil,4101408,-51.45098598403251,-23.554641653608353,1663,1.5584322,
brazil,4101507,-51.438599201778544,-23.4108265332326,1746,1.6509823,
brazil,4101606,-49.82788678264625,-24.14132281219234,292,1.4577203,
brazil,4101804,-49.384209545178976,-25.574864306860736,3619,1.302052,
brazil,4102000,-53.519387428483185,-24.40292158902018,556,1.8077916,
brazil,4102109,-51.669962278690186,-23.237722814984426,382,1.8250046,
brazil,4102307,-49.60055145617378,-25.47472121299271,166,1.9997532,
brazil,4102406,-50.37394175097843,-23.111447557590743,419,1.7355282,
brazil,4103602,-50.072855908992345,-23.04129035875127,326,1.8566726,
brazil,4103701,-51.25870418354214,-23.29147341801156,1663,1.393175,
brazil,4104006,-49.09107586205158,-25.348250683829008,1086,1.6598798,
brazil,4104204,-49.51131839240561,-25.453748097665084,1908,1.4759202,
brazil,4104253,-49.3911347050181,-25.37512753864621,672,2.0178993,
brazil,4104303,-52.37721300563657,-24.04206838534791,1299,1.6724895,
brazil,4104808,-53.454167665394735,-24.956216555087963,3418,1.411368,
brazil,4104907,-49.994133510026074,-24.797760415835132,838,1.717547,
brazil,4105508,-52.614454406488356,-23.665236160401545,1086,1.681274,
brazil,4105805,-49.1888527483403,-25.34894152518933,4313,1.456476,
brazil,4105904,-51.97458144474887,-22.83792704533325,287,2.0271218,
brazil,4106407,-50.64804601081794,-23.181332929344197,580,1.4133276,
brazil,4106605,-53.07148291585084,-23.78502460316631,377,2.0238392,
brazil,4106902,-49.27167800005764,-25.462907908320176,20887,1.0951838,
brazil,4107207,-53.063478115649666,-25.750926673288188,576,2.0460162,
brazil,4107652,-49.30796436254281,-25.65603827143547,2279,1.5002254,
brazil,4108304,-54.55445646243192,-25.516053848457794,3183,1.2659826,
brazil,4108403,-53.05427930671505,-26.068694296643326,1233,1.61717,
brazil,4108601,-53.02145496723213,-24.185855336625746,437,1.7143008,
brazil,4109401,-51.481010082353066,-25.38388402532399,2200,1.5540291,
brazil,4109609,-48.58658573162188,-25.90273747131335,714,1.8672004,
brazil,4109708,-50.19140329343324,-23.842170629956748,288,1.8404489,
brazil,4109807,-51.05765068645673,-23.273931485640684,963,1.7724452,
brazil,4110102,-50.615016204028414,-25.21404640958215,444,1.8971298,
brazil,4110706,-50.64907441412735,-25.481717447682612,971,1.5955873,
brazil,4111258,-49.34499106797156,-25.21968586345257,550,1.8366365,
brazil,4111506,-51.6739650049753,-24.241685473102617,475,2.1189632,
brazil,4111803,-49.97380086031653,-23.158015983347557,444,1.7203308,
brazil,4112009,-49.713616728252674,-24.25720061514474,500,1.8870591,
brazil,4112504,-51.70571312265692,-24.232683937031613,20,1.9410837,
brazil,4112702,-50.97270196589957,-23.258542944986726,124,1.7638521,
brazil,4113205,-49.723005437034544,-25.76543644709825,426,1.4868273,
brazil,4113304,-52.408887105679355,-25.401519459147256,484,1.9189042,
brazil,4113502,-53.13730858320745,-22.92911172925409,363,1.9869986,
brazil,4113700,-51.16958420688942,-23.311089653513495,5666,1.1530972,
brazil,4114104,-52.10142176387759,-23.341519742719946,434,1.6933376,
brazil,4114203,-51.682943400951935,-23.522122980182274,534,1.9978331,
brazil,4114302,-49.345749773856504,-25.699074366103794,29,1.7524766,
brazil,4114609,-54.05743799682456,-24.553180437369086,770,1.6608306,
brazil,4114807,-51.817010724867956,-23.479614690293474,773,1.4495343,
brazil,4115200,-51.93691256829724,-23.421273549326834,6285,1.1361432,
brazil,4115705,-48.52586757892984,-25.79003863036117,908,1.8771458,
brazil,4115804,-54.09301757039133,-25.290029466523514,655,1.5055344,
brazil,4116901,-52.202598665338826,-23.18562128937356,391,1.9162437,
brazil,4117503,-52.038729007699985,-23.457709838661465,644,1.4793787,
brazil,4117602,-51.997658655990634,-26.481950953330312,554,1.9150409,
brazil,4117701,-49.99918563025486,-25.430774716221578,388,1.7391697,
brazil,4118204,-48.53991646794809,-25.54034697979496,1371,1.3016117,
brazil,4118402,-52.459448367165365,-23.08027737830227,1239,1.6939263,
brazil,4118501,-52.681684637156444,-26.228033368451694,1244,1.6187892,
brazil,4119152,-49.176080790113886,-25.426732647355873,2968,1.2035434,
brazil,4119509,-49.10966063241727,-25.45876120994054,2345,1.4279349,
brazil,4119608,-51.764764840710214,-24.757673112335354,395,1.8834908,
brazil,4119905,-50.1539645448726,-25.102840998981353,4674,1.4179008,
brazil,4119954,-48.43781811884375,-25.64835505950497,914,1.9682977,
brazil,4120606,-50.98012841080447,-25.211222403685248,503,1.6134372,
brazil,4120804,-49.07467760295823,-25.37313971179866,1066,1.3571578,
brazil,4120903,-52.90203106601665,-25.450020520193963,347,1.8448408,
brazil,4122206,-49.312956109412305,-25.19660227305911,556,1.8291286,
brazil,4122305,-49.776099741210935,-26.08832792942266,528,1.4188688,
brazil,4122404,-51.37646359910573,-23.32008198815106,1133,1.6014773,
brazil,4124053,-54.41052836286601,-25.444569965767116,360,1.7534674,
brazil,4124103,-50.07116456107547,-23.297228655090887,499,1.7427043,
brazil,4125506,-49.17578296713779,-25.55551593197052,6710,1.4889088,
brazil,4125605,-50.39499597943554,-25.870154737312067,528,1.9026676,
brazil,4125704,-54.241878185816105,-25.349590532577775,321,1.942765,
brazil,4126256,-51.87201783703893,-23.4477893113728,2031,1.2926536,
brazil,4127106,-50.631642175970335,-24.326157764855246,811,1.6545767,
brazil,4127700,-53.7325448420775,-24.731963573966027,1798,1.4187044,
brazil,4128005,-52.98924219981643,-24.543483746197793,352,1.8290178,
brazil,4128104,-53.30618299861089,-23.769832572307404,1569,1.3617747,
brazil,4128203,-51.09793337048349,-26.232259052293593,431,1.8468043,
brazil,4200309,-49.70308899916699,-27.26543984098247,55,1.6449848,
brazil,4200606,-48.84023000751934,-27.700410039250578,89,2.5101097,
brazil,4201208,-48.746293371192394,-27.516540118402563,48,2.162497,
brazil,4201307,-48.75877770821183,-26.432361046274707,1259,1.8429854,
brazil,4201406,-49.49472212205207,-28.95354411007759,1213,1.7785112,
brazil,4201950,-49.42120016613473,-28.985773885124644,287,2.0888486,
brazil,4202008,-48.627790141370575,-27.000470293841683,1338,1.4934717,
brazil,4202073,-49.60643155500663,-29.13055855945017,30,2.3629966,
brazil,4202107,-48.69744455859181,-26.665531407545476,997,1.773351,
brazil,4202305,-48.6667541320099,-27.49808266993485,844,1.8455313,
brazil,4202404,-49.09595284197459,-26.885076131791674,4976,1.6234916,
brazil,4202453,-48.510689570865146,-27.165572998548463,816,1.9985832,
brazil,4202800,-49.1492219641026,-28.279356696519287,664,1.9208889,
brazil,4202909,-48.9164200174743,-27.104934413611094,2719,1.7135551,
brazil,4203006,-51.00005198464729,-26.783336709591293,957,1.494098,
brazil,4203204,-48.653828688882385,-27.026734487599864,1577,1.8393643,
brazil,4203303,-49.34705821634327,-26.195021732407742,34,1.6666692,
brazil,4203600,-51.22270551752054,-27.395249432421263,460,2.0637162,
brazil,4203709,-48.77084857734702,-27.262703178158933,138,2.4403217,
brazil,4203808,-50.39593707438228,-26.180283215705078,688,1.7681743,
brazil,4203907,-51.59475341791118,-27.37105730363797,372,1.8648508,
brazil,4203956,-48.95781130024192,-28.44169470828976,611,1.8914543,
brazil,4204202,-52.62952865338591,-27.0946626178566,2688,1.7462347,
brazil,4204251,-49.337942955866886,-28.62838118936628,22,2.0396063,
brazil,4204301,-52.014364380229615,-27.226673275611482,1161,1.8375626,
brazil,4204350,-52.61916786645351,-26.99375474848285,129,2.3523595,
brazil,4204509,-49.20181638875241,-26.43693064364327,30,2.8002696,
brazil,4204608,-49.377882313910945,-28.703832591732873,4257,1.65717,
brazil,4204806,-50.57247878037388,-27.296857651935465,634,1.6867019,
brazil,4205407,-48.53800282905022,-27.599774737909588,2114,1.4554735,
brazil,4205456,-49.45310003562322,-28.745129558370607,929,1.9289197,
brazil,4205506,-50.917951901364766,-27.038215515767742,560,1.9466974,
brazil,4205704,-48.646897931363384,-28.048801330027217,621,2.0079052,
brazil,4205902,-48.962519983955104,-26.919460077511182,2085,2.028645,
brazil,4206207,-49.040435607733805,-28.35715718052315,75,3.0687068,
brazil,4206306,-48.983029675456876,-27.08763985701103,1025,2.1813207,
brazil,4206504,-48.9749458457796,-26.47952518008039,1236,2.047519,
brazil,4206652,-52.71666121239521,-27.111829539008024,37,1.6470737,
brazil,4206702,-51.490582486465755,-27.176744517569347,194,1.4768463,
brazil,4207007,-49.29103541974387,-28.730796726976553,3112,1.9909779,
brazil,4207106,-48.84218386821426,-26.871853934531565,386,2.5629115,
brazil,4207205,-48.81585394438995,-28.341839384195314,95,2.0122159,
brazil,4207304,-48.6831365763547,-28.200832565892306,1031,1.8165952,
brazil,4207502,-49.234353266659994,-26.89327017482502,1680,1.8827088,
brazil,4208203,-48.70812575158437,-26.91194234549538,4104,1.502046,
brazil,4208302,-48.614083111648505,-27.113389964118248,961,1.9764161,
brazil,4208450,-48.60886902828499,-26.105641805998435,932,2.1333373,
brazil,4208807,-49.18120372960435,-28.76415621645978,108,1.9835728,
brazil,4208906,-49.10476928003008,-26.483728220729613,2801,1.9852731,
brazil,4209003,-51.52340037272173,-27.171265257993593,454,1.8850516,
brazil,4209102,-48.8424564524759,-26.301409917109076,6258,1.4696808,
brazil,4209300,-50.31771792929669,-27.807804667389473,2102,1.4895898,
brazil,4209409,-48.777245717240206,-28.439414794352476,816,1.847048,
brazil,4209508,-49.702485343871416,-27.229459190140574,40,2.327628,
brazil,4209904,-49.565164876603006,-27.171805879390774,20,1.9816549,
brazil,4210100,-49.81879021781725,-26.135435702919892,1007,1.4330063,
brazil,4210407,-49.41740322840268,-28.836586629451737,57,2.2677505,
brazil,4210506,-53.184401606534436,-26.771706673829964,429,2.031306,
brazil,4210605,-49.00249765049084,-26.59446086069638,266,2.3963935,
brazil,4211207,-49.249910737369525,-28.65800107263323,239,2.2501924,
brazil,4211306,-48.669455982374956,-26.8603904884759,2207,1.6695938,
brazil,4211504,-48.89016394078261,-27.268533034419683,22,2.6694515,
brazil,4211603,-49.509927064467796,-28.711160443719017,78,2.0178103,
brazil,4211801,-51.60897372670954,-27.335141282855194,56,2.0416024,
brazil,4211900,-48.68153675633843,-27.660313747734307,1916,1.4778022,
brazil,4212304,-48.685797789788005,-27.989485537709857,248,2.3428836,
brazil,4212502,-48.648509519055764,-26.80259967717477,1067,2.0051684,
brazil,4212650,-48.92702836467996,-28.415658798892974,55,1.9248129,
brazil,4212809,-48.68594204322778,-26.75587918961846,1047,1.4982791,
brazil,4213005,-51.20173392493656,-27.04909902260566,54,2.5785494,
brazil,4213203,-49.16753953499722,-26.75590885564664,1265,2.3708174,
brazil,4213500,-48.584563076958496,-27.16362127378697,714,1.7661258,
brazil,4213609,-51.07053827714591,-26.256107398865584,412,1.6333818,
brazil,4214805,-49.63592121489949,-27.211093981680094,1358,1.4946111,
brazil,4215000,-49.517787533156735,-26.25284242341759,660,1.4589953,
brazil,4215109,-49.32427401049347,-26.870858310094643,148,2.7227628,
brazil,4215703,-48.759092877140404,-27.69295167587757,685,2.4537387,
brazil,4215802,-49.38908136497509,-26.24156321781546,1640,1.669476,
brazil,4216206,-48.586630453368855,-26.234978628299373,1138,1.876918,
brazil,4216305,-48.84634404394112,-27.2807452861822,533,1.9923836,
brazil,4216354,-48.76757435946327,-26.580789720163157,66,2.1804366,
brazil,4216602,-48.633419106910665,-27.588072606745055,1348,1.3306003,
brazil,4216909,-52.85037029167693,-26.363359606269075,341,2.1153085,
brazil,4217006,-49.17335986663737,-28.32372302121283,178,2.2883334,
brazil,4217204,-53.517638851476526,-26.738186879386554,725,1.9980797,
brazil,4217402,-49.06354942690561,-26.411372846315004,531,2.392231,
brazil,4217600,-49.412629420979435,-28.629856099102845,50,2.1691606,
brazil,4217709,-49.638797822602356,-29.104652643476005,399,2.1184134,
brazil,4218004,-48.64473606874273,-27.23768188796676,841,1.932261,
brazil,4218202,-49.26917729286004,-26.834542711437255,1318,1.9595131,
brazil,4218301,-50.378651808153606,-26.150874122824636,94,1.7904671,
brazil,4218707,-49.023216789713786,-28.476288408042286,1896,1.7260724,
brazil,4219309,-51.13068297082256,-27.010219346096072,894,1.644598,
brazil,4219507,-52.402389345361435,-26.874401581107527,913,1.9078306,
brazil,4219705,-52.52928157358445,-26.959086978752037,542,2.1567433,
brazil,4220000,-49.24146890957938,-28.818938065959934,567,1.7610238,
brazil,4300406,-55.78743935459641,-29.79637670612178,728,1.7514372,
brazil,4300604,-51.06400451407276,-30.01108929482871,3365,1.4367567,
brazil,4300851,-51.710192707089334,-30.830708076933423,41,2.7289214,
brazil,4300877,-50.92707288984426,-29.632842031042472,32,1.6021795,
brazil,4301008,-51.95112726651178,-29.40163990647249,213,2.105073,
brazil,4301057,-49.81611615558294,-29.45006362693045,27,2.2151523,
brazil,4301602,-54.10064767461604,-31.327361823581096,1382,1.7864157,
brazil,4302105,-51.513343180669736,-29.16679564460311,1378,1.5289484,
brazil,4302808,-53.48431165508253,-30.518207856543828,360,2.1698759,
brazil,4303004,-52.90084715402257,-30.028110815271056,887,1.7616299,
brazil,4303103,-51.093476968462504,-29.92642891305844,2642,1.4226835,
brazil,4303509,-51.800061779870845,-30.851454934971624,709,1.8188956,
brazil,4303905,-51.05713521713542,-29.672619110056274,2061,1.4441491,
brazil,4304408,-50.81173311866828,-29.357300209717213,671,1.6091661,
brazil,4304507,-52.678264942526845,-31.3969860644782,303,2.3645039,
brazil,4304606,-51.17426460461761,-29.914881460433545,4961,1.2911892,
brazil,4304630,-50.01679280316682,-29.74374154551893,607,1.7925034,
brazil,4304663,-52.45074886223915,-31.763932087948703,891,2.1236665,
brazil,4304689,-51.33893952073638,-29.658814244784782,48,1.9776899,
brazil,4304705,-52.78935408393519,-28.296338607406106,970,1.77554,
brazil,4304713,-50.40225516939078,-29.800483952846598,54,2.249445,
brazil,4304804,-51.501608774666,-29.29358919442032,755,1.6305944,
brazil,4305108,-51.182178849311825,-29.159898084314996,4726,1.4977272,
brazil,4305355,-51.618367682531826,-29.962511014661175,475,1.7450153,
brazil,4306106,-53.60238017149123,-28.645579421952917,945,1.6610827,
brazil,4306205,-52.01128446979586,-29.503644829736913,216,2.0863235,
brazil,4306403,-51.0967133432967,-29.59381650758215,519,2.1020448,
brazil,4306601,-54.666228906601845,-30.978087919134524,496,2.1203516,
brazil,4306767,-51.31130821573084,-30.01370450787366,715,1.921591,
brazil,4306809,-51.883711684058305,-29.23272480820113,407,1.9157002,
brazil,4306932,-54.26907846837413,-28.361481192435733,66,2.1869683,
brazil,4307005,-52.26796707609909,-27.644614922494647,1433,1.5706047,
brazil,4307609,-51.17797011111088,-29.65834110082851,1574,1.7462478,
brazil,4307708,-51.15904936820377,-29.853694861567586,1820,1.3187013,
brazil,4307807,-51.94725967131438,-29.495336067928502,1045,1.6429914,
brazil,4307906,-51.34658558791638,-29.222018755735284,1147,1.7448606,
brazil,4308201,-51.19223200720688,-29.047361097223742,1256,2.1032374,
brazil,4308508,-53.39753536209494,-27.36081911702754,460,2.2055519,
brazil,4308607,-51.52796468678081,-29.244422652177846,975,1.9473265,
brazil,4309100,-50.87559240352765,-29.384480594082685,647,1.7410245,
brazil,4309209,-51.01879988260489,-29.928900116312914,3501,1.4273068,
brazil,4309308,-51.34019044398988,-30.12594365974603,1040,1.845918,
brazil,4309407,-51.88910661038135,-28.849561397774487,383,1.8030068,
brazil,4310108,-50.79776326302026,-29.57855572206966,638,1.9691817,
brazil,4310207,-53.91411619084415,-28.389493832063206,1012,1.6950862,
brazil,4310330,-50.11250768175246,-29.93817086379833,1570,1.7605399,
brazil,4310538,-53.76419130610751,-29.628100815898755,40,2.018918,
brazil,4310603,-56.54967218261376,-29.13881772382842,388,2.110766,
brazil,4310801,-51.16095838522878,-29.611287175270263,560,2.0338194,
brazil,4311007,-53.374503575002294,-32.554750401353985,320,2.3210618,
brazil,4311304,-51.52126790473233,-28.215048773944485,429,1.8583485,
brazil,4311403,-51.98314478259293,-29.452981032226216,2197,1.4035189,
brazil,4311627,-51.19801617889395,-29.60288797221887,50,1.9281759,
brazil,4311775,-50.168397501804975,-29.77822919732136,26,1.2635043,
brazil,4311809,-52.20687591322702,-28.443799881469868,603,1.9528408,
brazil,4312401,-51.47169553494766,-29.688955715967005,712,1.8441896,
brazil,4312476,-51.0808220622336,-29.5456750322574,41,2.6591527,
brazil,4312609,-51.87136033372677,-29.163087124424674,73,2.2128334,
brazil,4313060,-50.89687696496335,-29.60887458955846,137,1.8653413,
brazil,4313300,-51.611186416645054,-28.780997058804804,496,1.786448,
brazil,4313375,-51.27108363129337,-29.86219563664249,831,1.8709017,
brazil,4313409,-51.12206038562058,-29.69053955207063,4728,1.3373908,
brazil,4313508,-50.2463081670242,-29.893692340594583,1007,1.8760033,
brazil,4313706,-53.30988289505284,-27.899440154893053,481,2.0592833,
brazil,4313904,-53.50285247201282,-28.297107380140833,704,1.724358,
brazil,4314035,-51.39916847943528,-29.625630507016492,38,2.1815026,
brazil,4314050,-50.83230557387502,-29.633724108848575,899,1.8478191,
brazil,4314100,-52.40860503015961,-28.25973335055094,2258,1.4547485,
brazil,4314159,-51.800180631262165,-29.523355231936144,27,1.8426847,
brazil,4314407,-52.33909847671525,-31.73237518890268,3357,1.4562558,
brazil,4314803,-51.22983471444078,-29.691979280672566,927,1.9819201,
brazil,4314902,-51.168588551027135,-30.061489585944486,9137,1.2175785,
brazil,4315305,-56.4496054972496,-30.380674440508514,258,1.5650269,
brazil,4315602,-52.143668498507054,-32.09762438321617,2159,1.5693631,
brazil,4315701,-52.370789124291235,-29.974843255952457,321,1.7639896,
brazil,4315800,-51.873207112033654,-29.283916951138092,131,2.192487,
brazil,4316402,-54.92531793616573,-30.25359330836824,447,1.4624088,
brazil,4316758,-52.069420254988955,-29.46372039987493,70,2.1367793,
brazil,4316808,-52.417293853889575,-29.72855249835349,1967,1.6710955,
brazil,4316907,-53.797584104530365,-29.698574139471017,2606,1.6376194,
brazil,4317103,-55.51816150448201,-30.87864519131449,861,1.6084968,
brazil,4317202,-54.470361521033524,-27.86455430206278,1065,1.6953833,
brazil,4317301,-53.36145920080923,-33.528018122665316,359,2.2176378,
brazil,4317400,-54.8683249273418,-29.183381166944073,680,2.0323222,
brazil,4317509,-54.25960850786712,-28.29666051504002,876,1.933377,
brazil,4317608,-50.50412574862297,-29.847140437352067,790,1.9267524,
brazil,4318002,-56.00642418269383,-28.652154685312528,729,1.8705246,
brazil,4318481,-51.28720485924679,-29.55649855344869,24,2.7186155,
brazil,4318507,-52.078758990502195,-32.128893032029026,25,2.0673597,
brazil,4318705,-51.14339361123623,-29.757438612829443,4500,1.3959789,
brazil,4318804,-51.98401748110091,-31.36086828340569,343,2.2529385,
brazil,4318903,-54.95675497687205,-28.407944621168667,470,2.16628,
brazil,4319505,-51.34344713795143,-29.593644869182302,522,2.0827022,
brazil,4319901,-51.00363079810185,-29.640740096784118,1634,1.5531039,
brazil,4320008,-51.14220637595044,-29.82984108640964,2023,1.1464686,
brazil,4320107,-52.92154437438042,-27.94622615169348,332,1.9785873,
brazil,4320800,-52.50398454023147,-28.823863911192937,472,1.8458594,
brazil,4320909,-52.01361482386499,-28.071336771228733,360,2.0815597,
brazil,4321204,-50.78160486098093,-29.650306141154704,706,1.9934344,
brazil,4321303,-51.8580838436912,-29.788621294688664,424,1.8237948,
brazil,4321451,-51.81048016749314,-29.483547814459726,659,2.1039038,
brazil,4321501,-49.767425472410466,-29.357705709684623,869,1.9001173,
brazil,4321600,-50.15001074613795,-30.005495690361364,763,1.8662094,
brazil,4321709,-50.78150397427819,-29.51018220096305,352,2.1963,
brazil,4321808,-54.234919708619785,-27.775778682173563,335,1.9742974,
brazil,4321907,-53.935341222465865,-27.45128577277632,400,1.9272662,
brazil,4322400,-57.06820093768747,-29.77145631349684,1062,1.6211448,
brazil,4322509,-50.93503906341884,-28.500299446739053,944,1.8324487,
brazil,4322608,-52.19537077510788,-29.618598374759284,836,1.9183439,
brazil,4322806,-51.550515200186425,-28.934513696363762,382,1.8834312,
brazil,4323002,-51.06227526387508,-30.07585255152785,2838,1.3866116,
brazil,4323770,-51.76793211422024,-29.428739107024303,70,2.7339456,
brazil,4323804,-50.03813928406154,-29.773671393690655,165,1.4311937,
brazil,5000609,-55.2258530825584,-23.110550315357205,508,1.9133004,
brazil,5000708,-55.805956524836844,-20.49123263541943,328,1.7467002,
brazil,5001003,-51.09461350866698,-20.083434889601932,574,1.7142972,
brazil,5001102,-55.778906962848055,-20.463159947035617,602,1.5510015,
brazil,5001904,-52.420546779174934,-21.71707076021301,292,1.7110866,
brazil,5002407,-54.82467495809568,-22.631218787405174,408,1.7650579,
brazil,5002951,-52.61606219516264,-18.791844582010423,461,1.7408675,
brazil,5003207,-57.64924567690316,-19.019520874755983,868,1.7615294,
brazil,5003256,-53.137740224375364,-18.538421018315653,419,1.8960556,
brazil,5003306,-54.73696382615664,-18.506365088246323,572,1.5520496,
brazil,5003702,-54.80801155734483,-22.23394319051072,3232,1.6010343,
brazil,5004700,-53.826289463151944,-22.3040761212317,394,1.8247956,
brazil,5005004,-56.15211653597805,-21.48068429118995,397,2.1628892,
brazil,5005202,-57.60887031773471,-19.015877512696548,370,1.947564,
brazil,5005400,-55.165324020265,-21.623839644173902,539,1.6749926,
brazil,5005707,-54.20105760724807,-23.06228650379951,779,1.7278843,
brazil,5006200,-53.348624322669124,-22.249874762199926,623,1.8221682,
brazil,5006309,-51.18379042114808,-19.67748979189091,703,1.8623073,
brazil,5006606,-55.71190998486204,-22.528481197490333,1182,1.5852289,
brazil,5007208,-54.546935737157604,-21.79545776289775,404,1.7569437,
brazil,5007695,-54.57826974886242,-19.39113096213484,429,1.7290847,
brazil,5007901,-54.95973057119013,-20.931964455961552,394,1.9360604,
brazil,5008305,-51.69851411884191,-20.786951851309986,2109,1.5899446,
brazil,5100201,-52.16238554833183,-14.052609469468411,492,1.6359551,
brazil,5100250,-56.079702111835324,-9.879582974409034,1014,1.6055543,
brazil,5101704,-57.19093252532027,-15.06202996983728,375,1.5803695,
brazil,5101803,-52.289776113853,-15.884973821677537,1042,1.6480607,
brazil,5102504,-57.67668761261706,-16.079513892542188,1218,1.7747662,
brazil,5102637,-57.8992677529336,-13.651408768309626,556,1.6997488,
brazil,5102678,-55.16584959483216,-15.55550688450491,649,1.8572848,
brazil,5102702,-52.263908263974336,-13.554029421315484,429,1.7897782,
brazil,5103205,-55.455165366768924,-10.802349832043431,438,1.75321,
brazil,5103353,-51.57366765644679,-10.648037157749282,480,1.9028418,
brazil,5103403,-56.07037863098743,-15.590742111804508,6965,1.2815777,
brazil,5104104,-54.911538423864265,-9.95236612920856,534,1.6913792,
brazil,5104807,-54.96733055998049,-15.959288635458053,357,1.7593747,
brazil,5105101,-57.51210003999585,-11.25988975221816,553,1.7188265,
brazil,5105150,-58.765372208727655,-11.42660404416046,770,1.5087074,
brazil,5105259,-55.924146736855064,-13.073742496874544,1204,1.6234844,
brazil,5105622,-58.092802256955075,-15.680264608067773,329,1.9603801,
brazil,5106224,-56.08781886704657,-13.825420242698364,717,1.7949063,
brazil,5106257,-52.35535718741785,-14.666601231766105,400,1.8481332,
brazil,5106422,-54.99224979536353,-10.242051461675548,305,1.977956,
brazil,5106505,-56.630332286117586,-16.26251089385907,412,1.7048267,
brazil,5106752,-59.32835796266752,-15.237244866664943,538,1.9572319,
brazil,5107040,-54.30710633465414,-15.548791383952407,1113,1.7408239,
brazil,5107065,-52.2092371016607,-12.596651256400762,429,1.9410199,
brazil,5107602,-54.630281791049654,-16.463028623311825,3145,1.5247736,
brazil,5107875,-58.82218560762065,-13.545380034483225,379,1.7208326,
brazil,5107909,-55.51019606148651,-11.869571851012264,3226,1.6507314,
brazil,5107925,-55.72854980346852,-12.552025996689569,1665,1.73765,
brazil,5107958,-57.49506523095535,-14.625605898989653,1300,1.7926191,
brazil,5108402,-56.14402497543847,-15.649992155811887,4067,1.4340223,
brazil,5200050,-49.41593135727839,-16.785461200398853,497,1.8627523,
brazil,5200134,-50.37458232946654,-17.39414773869317,348,1.7951113,
brazil,5200258,-48.28277120979153,-15.746644360507455,1857,1.5974158,
brazil,5201108,-48.94497594603985,-16.33214944567913,4580,1.5737454,
brazil,5201405,-49.28058677695344,-16.795118271120636,9979,1.5044892,
brazil,5201801,-49.38944991289653,-16.84324709279079,53,1.533227,
brazil,5203302,-48.971550427055774,-16.94313057141363,615,1.6344323,
brazil,5203500,-49.73414950014287,-18.21746118515054,266,1.7613319,
brazil,5204508,-48.61598816577886,-17.74204247693631,2173,1.516078,
brazil,5205109,-47.941822842648335,-18.168194726894736,1524,1.7218949,
brazil,5205406,-49.604027361517396,-15.309860438108618,323,1.6756101,
brazil,5205497,-47.913385727950974,-16.09228627378909,1313,1.75382,
brazil,5206206,-47.61312074973021,-16.77336221428679,626,1.8349762,
brazil,5208004,-47.32348647439479,-15.548949926415675,1232,1.4826103,
brazil,5208400,-49.08136387343495,-16.489516137612046,88,1.8224753,
brazil,5208608,-49.121008137930666,-15.323590755392464,925,1.6606482,
brazil,5208707,-49.29293694050346,-16.67907643551926,15269,1.4127287,
brazil,5208806,-49.40347194142766,-16.54757376058851,1902,1.5598712,
brazil,5209101,-49.364992701558485,-18.01455220482558,481,1.7245778,
brazil,5209705,-49.237797499574306,-16.939380504769137,431,1.7798033,
brazil,5210000,-49.49329368743749,-16.36590137830123,712,1.8450415,
brazil,5210109,-48.161594523783,-17.719174989748158,377,1.9255081,
brazil,5210208,-51.111679093059855,-16.43165668927013,617,1.9088194,
brazil,5210406,-49.794680723750524,-16.026273538574525,543,1.784652,
brazil,5211206,-49.94409149383532,-15.559607520188672,281,2.0024598,
brazil,5211503,-49.23266284301485,-18.40341605687531,1378,1.575803,
brazil,5211800,-49.33096179780379,-15.74652561135078,533,1.8720448,
brazil,5211909,-51.72371273351156,-17.88561995635087,1501,1.7365882,
brazil,5212501,-47.95975595199101,-16.134434530856485,609,1.4497837,
brazil,5213087,-48.21682044562701,-13.525573225952627,378,1.799495,
brazil,5213103,-52.550790572061615,-17.562894566154288,998,1.6852823,
brazil,5213806,-49.11979127047183,-17.730754485028964,757,1.7090096,
brazil,5214507,-49.220462405267284,-16.411233179645286,360,1.7123324,
brazil,5214606,-48.45086087066425,-14.466618658153642,409,1.9393917,
brazil,5215231,-48.048054534228335,-16.083909678871564,1143,1.8124641,
brazil,5215603,-48.28344977072793,-15.171446417890621,220,1.7863,
brazil,5215702,-49.923128106769965,-16.812601242314663,415,1.6439286,
brazil,5217401,-48.276265771527115,-17.30428573784669,418,1.6576585,
brazil,5217609,-47.603051079571365,-15.451216164821986,1149,1.6722828,
brazil,5218003,-49.14693207732964,-13.441158344405189,728,1.6676909,
brazil,5218300,-46.352538228909616,-14.086051007779032,470,1.9651488,
brazil,5218508,-50.44551166375781,-18.451949431258466,607,1.5545096,
brazil,5218607,-49.57830964368786,-15.316572188795135,120,1.5344775,
brazil,5218805,-50.926481860809936,-17.788266887711465,2438,1.6007766,
brazil,5219308,-50.59543058225023,-17.813279279951114,580,1.7961887,
brazil,5219753,-48.27686966463557,-15.949969338552636,547,1.738608,
brazil,5220108,-50.37943446244149,-16.517150548691966,490,1.6923451,
brazil,5220454,-49.12940660038511,-16.701125856420244,2950,1.6759963,
brazil,5220603,-48.888216252573855,-16.42175606651745,25,2.0769258,
brazil,5221403,-49.446362859740766,-16.63317751437707,2817,1.743024,
brazil,5221601,-49.14264948966172,-14.52686854588263,637,1.6101999,
brazil,5221858,-47.98994133419421,-16.075964860720322,1951,1.476122,
brazil,5300108,-47.94772738635813,-15.824636066665525,24522,1.4864854,
colombia,05001,-75.58199520085573,6.2454373932814935,9057,1.1806804,
colombia,05002,-75.42812894225467,5.789637022198753,40,2.2347636,
colombia,05030,-75.69953387096939,6.042456784821549,99,2.641655,
colombia,05031,-75.0784853998408,6.909741729633927,52,2.6601129,
colombia,05034,-75.87953538147141,5.656104343535562,42,2.4019787,
colombia,05040,-75.14905304861536,7.074262876917151,41,2.762333,
colombia,05042,-75.8268114460665,6.558415346482447,105,1.8105693,
colombia,05045,-76.62717734459389,7.882764730123481,289,1.7196598,
colombia,05051,-76.42624662155755,8.848991123177468,67,2.2427933,
colombia,05079,-75.34128627204048,6.439858275274274,345,2.4489584,
colombia,05088,-75.55537389505541,6.3299609511674895,2004,1.5984405,
colombia,05101,-76.02327770127793,5.851407682242174,64,2.4981966,
colombia,05120,-75.35041084350547,7.577664357255156,29,2.9980435,
colombia,05129,-75.63453268180638,6.0872518337145385,369,2.3650105,
colombia,05138,-76.02716258124258,6.751720808565021,28,2.6048179,
colombia,05147,-76.65337282554938,7.755383048328633,125,2.6334698,
colombia,05148,-75.34193557380785,6.086074483975304,332,2.2909029,
colombia,05150,-75.28295709573091,6.725013517894649,25,2.8446343,
colombia,05154,-75.19852648568359,7.980771473693135,265,2.0980425,
colombia,05172,-76.6799684935117,7.666735304093781,148,2.2210624,
colombia,05190,-75.08624454130559,6.538564448907074,39,2.9363155,
colombia,05197,-75.19556145197737,6.066079238906724,25,3.2179236,
colombia,05206,-75.25729015920126,6.394615329551543,31,2.9777904,
colombia,05209,-75.90735207667177,6.0452395221180915,32,1.7988247,
colombia,05212,-75.50778576806594,6.34542084103629,664,1.7891479,
colombia,05234,-76.2639850098998,6.999671373874527,53,2.9255927,
colombia,05237,-75.38172252410341,6.492600112462445,133,2.66214,
colombia,05250,-74.80277449813079,7.599098708052305,149,1.879352,
colombia,05264,-75.51604703258985,6.565350337713742,36,2.8463635,
colombia,05266,-75.57894937122416,6.167236751402107,1881,1.0544379,
colombia,05282,-75.67414524131095,5.928983778458217,35,2.4342868,
colombia,05284,-76.12978013663333,6.776883566132732,38,2.4463618,
colombia,05308,-75.4470447476226,6.38295055734192,425,1.9065566,
colombia,05310,-75.21912046561421,6.681266591404808,32,2.8923144,
colombia,05313,-75.18464640922468,6.142855199205276,20,2.164125,
colombia,05318,-75.43526668171168,6.26520467699867,388,2.292998,
colombia,05321,-75.16180785691111,6.2329970656210225,40,1.9551523,
colombia,05360,-75.61175398413546,6.176092716441245,2236,1.4060614,
colombia,05361,-75.76427557407794,7.1712933692854985,25,2.3372183,
colombia,05364,-75.8189914445429,5.598296087945924,40,2.2186007,
colombia,05368,-75.78547809707754,5.790552687119124,37,2.2136238,
colombia,05376,-75.42823140721084,6.0300514274454535,222,2.129267,
colombia,05380,-75.63652339005566,6.145322989167325,922,2.0258226,
colombia,05390,-75.60760757210065,5.743465355966938,50,2.585389,
colombia,05400,-75.36164975384354,5.97520081651104,63,2.2625055,
colombia,05440,-75.34023532815033,6.17300429534612,420,2.0126996,
colombia,05480,-76.4358880818796,7.243182567018166,25,2.1119747,
colombia,05490,-76.78221270012362,8.429156292627912,56,2.0971515,
colombia,05495,-74.77701755647239,8.093468475198783,58,2.3072627,
colombia,05541,-75.24166986921777,6.220316809538381,93,2.2861805,
colombia,05576,-75.83957677073445,5.791994103700006,21,2.027252,
colombia,05579,-74.40685101531128,6.486245282399542,120,1.8583142,
colombia,05585,-74.584039599395,6.185814078882269,23,2.0360427,
colombia,05604,-74.69932960785921,7.029563075361414,85,2.7928731,
colombia,05607,-75.50233086076231,6.076877638056474,225,2.2459998,
colombia,05615,-75.39168733592994,6.150815817693851,1428,1.8558897,
colombia,05631,-75.61474359679173,6.150551056351898,725,1.0822148,
colombia,05642,-75.9746021066993,5.963474696094599,26,2.033901,
colombia,05649,-74.99237381146234,6.188096392955602,33,2.8461068,
colombia,05656,-75.72922082614426,6.44721259853495,81,1.807189,
colombia,05659,-76.52744346523141,8.7591177385577,54,2.7722325,
colombia,05660,-74.99379453618116,6.043102733589794,20,3.1115193,
colombia,05664,-75.56098348415536,6.4562642967183885,143,2.6235993,
colombia,05665,-76.37962273693128,8.277396951636204,87,2.7320879,
colombia,05667,-75.02785990181515,6.294177294230898,27,2.8682506,
colombia,05670,-75.01917686799563,6.486055136454772,24,2.9544976,
colombia,05674,-75.33079243611054,6.28819490989871,79,2.6694698,
colombia,05679,-75.56639118713824,5.874146862164833,33,2.4941735,
colombia,05686,-75.45953039203981,6.646854977012226,111,2.9721453,
colombia,05690,-75.19915295610419,6.5069873743574105,35,2.7558823,
colombia,05697,-75.26677097634673,6.135904664876959,188,2.683725,
colombia,05736,-74.70189438438337,7.0811117238792,140,2.4938216,
colombia,05756,-75.3094862677137,5.713649828823399,84,2.6119947,
colombia,05761,-75.74532051801201,6.501826333004645,35,1.9524199,
colombia,05789,-75.71388314513064,5.665800230290861,33,2.9935644,
colombia,05790,-75.40083312265271,7.580171634518969,81,2.2196815,
colombia,05837,-76.72575479527933,8.094163756004418,226,1.9384977,
colombia,05847,-76.1333825305812,6.316189980687018,71,1.9658326,
colombia,05858,-74.79917322004995,6.774364331677015,43,2.0955315,
colombia,05861,-75.73414355989931,5.963903180804589,29,3.0258641,
colombia,05885,-74.83922118055118,6.676275066142654,27,3.3716893,
colombia,05887,-75.4196919307225,6.963579525493566,111,2.3495355,
colombia,05890,-75.01169461513072,6.596429720158622,34,3.4958243,
colombia,05893,-73.91251707763908,7.006601887692042,77,2.0663352,
colombia,05895,-74.8655541384722,7.487807527509658,66,1.921424,
colombia,08001,-74.8153627068086,10.97286480225392,5261,1.4412569,
colombia,08078,-74.9166516106226,10.794849867561844,190,1.7976133,
colombia,08137,-74.88099136857383,10.378724770396316,121,2.489302,
colombia,08141,-74.8796700976422,10.461703782423875,55,2.4460216,
colombia,08296,-74.87322732662133,10.918485145002714,607,1.8874079,
colombia,08372,-75.03921756901372,10.831698747023047,59,2.2290876,
colombia,08421,-75.14191938171705,10.610146534409902,55,2.2840166,
colombia,08433,-74.78126965374223,10.858911486905672,590,1.606994,
colombia,08436,-74.95754054131947,10.448472485361448,85,2.7618935,
colombia,08520,-74.7559462731767,10.737625838884561,119,1.6602272,
colombia,08558,-74.85344290236154,10.776815359848653,56,2.8692262,
colombia,08560,-74.75353454392749,10.641940326483398,65,1.9358649,
colombia,08573,-74.89323842811322,11.015149088432604,959,1.8563023,
colombia,08606,-75.12572982869712,10.49387004115819,87,2.28046,
colombia,08634,-74.75910732823698,10.793717393259152,133,1.7290872,
colombia,08638,-74.92139857906034,10.632457833126328,280,2.1502578,
colombia,08675,-74.95870710154826,10.324464308255104,58,2.1858168,
colombia,08685,-74.75784370513009,10.755451710214174,192,1.7789415,
colombia,08758,-74.78695788047469,10.91061487702809,2282,1.4468323,
colombia,08770,-74.88057272985748,10.334884252392145,48,2.4918463,
colombia,08832,-74.9787338795829,10.87406849892645,31,2.7592614,
colombia,08849,-74.97604962313851,10.743345590443575,39,3.027339,
colombia,11001,-74.10652914144488,4.648398665249873,28617,1.1128716,
colombia,13001,-75.49487953790776,10.381098592684172,3563,1.5803355,
colombia,13006,-74.55832605287497,8.57046447788991,27,2.3325326,
colombia,13030,-74.16361032353839,8.79154817705704,29,2.2549393,
colombia,13042,-73.94098102477147,8.45825361559549,31,2.3818133,
colombia,13052,-75.3455313283918,10.255160494738929,234,2.319946,
colombia,13062,-75.01857970041159,10.249082158076938,34,2.306388,
colombia,13074,-74.10525155441137,8.94542860178092,34,2.9800217,
colombia,13140,-74.91641863125938,10.250726719181745,68,2.078622,
colombia,13160,-73.9148245138296,7.377867194533211,30,2.4455988,
colombia,13188,-74.65769178408262,9.267343413477654,72,2.5915496,
colombia,13212,-74.8278762548801,9.586540455405522,32,1.2920649,
colombia,13222,-75.32605957098431,10.568320979688407,52,2.753237,
colombia,13244,-75.12145477484665,9.719374979779626,196,2.2357898,
colombia,13248,-74.97595835742044,10.030690729438982,33,3.0828838,
colombia,13300,-74.07825281166623,8.956296246046247,22,2.9015806,
colombia,13430,-74.76122420286741,9.249596775842587,360,2.1371298,
colombia,13433,-75.19136405539092,10.232891323806646,75,2.6441312,
colombia,13440,-74.2750587898673,9.155924566510917,28,2.2904124,
colombia,13442,-75.2986092635797,9.980393395587965,95,2.2869542,
colombia,13468,-74.42792461670449,9.242745712453678,135,1.8534482,
colombia,13473,-73.86807001045499,8.277071350960524,29,2.0765262,
colombia,13600,-73.84104352303743,8.58857430142746,26,2.429073,
colombia,13620,-75.0649753625699,10.392707918282843,38,2.2083085,
colombia,13647,-75.15173516913127,10.398515968432928,67,2.5130901,
colombia,13650,-74.32859250033562,9.216463834699502,25,2.5713396,
colombia,13654,-75.1219020352903,9.829777235193738,98,2.55407,
colombia,13657,-75.08213041585981,9.953743446764308,120,2.1606407,
colombia,13667,-74.03823891770303,8.936732256386057,44,2.2409742,
colombia,13670,-73.92597189135486,7.477072468992948,92,2.378239,
colombia,13673,-75.28808519756268,10.604625042350502,30,2.9986145,
colombia,13683,-75.36981224372109,10.445601885579121,69,2.2989202,
colombia,13688,-74.05161813781079,7.963481446650957,133,2.096294,
colombia,13744,-73.94642820124044,7.955524865409576,44,1.2477406,
colombia,13760,-75.13549417888132,10.389506705076315,53,2.419141,
colombia,13780,-74.56748762420118,9.303981267759024,32,1.8993542,
colombia,13810,-74.26306281630008,8.55809780227653,26,2.3057063,
colombia,13836,-75.43452984015929,10.353336929145495,819,1.7944227,
colombia,13838,-75.45304665670422,10.28061837761614,89,2.4342923,
colombia,13873,-75.27558503203682,10.44400479981384,68,2.8215365,
colombia,13894,-74.81768383201826,9.74575977583395,61,2.4666052,
colombia,15001,-73.35494346226139,5.539252098615354,870,1.6549728,
colombia,15047,-72.88460201073565,5.520615785775452,62,2.3440294,
colombia,15051,-73.43801456887954,5.755953861329641,32,1.6638576,
colombia,15087,-72.91231034671671,5.989119614873194,39,3.6480455,
colombia,15097,-72.58551249561528,6.330958424604488,20,2.3443177,
colombia,15176,-73.8188789948855,5.615083519235987,231,2.2796547,
colombia,15204,-73.32266321939159,5.6326041826600965,21,2.3195713,
colombia,15223,-72.11043491623823,7.00139527057762,31,2.4608464,
colombia,15238,-73.03156096921765,5.823544005319043,587,1.8432416,
colombia,15244,-72.44482290033974,6.40788713644723,22,2.7978995,
colombia,15272,-72.98543055786405,5.673623367000607,46,2.7895653,
colombia,15299,-73.36435088531414,5.0828288907254775,70,2.6085007,
colombia,15322,-73.47250516807834,5.007327727482075,68,3.064244,
colombia,15362,-72.98354780754511,5.612362257210783,33,2.3946307,
colombia,15367,-73.36292169559485,5.387317522496985,28,2.1905062,
colombia,15407,-73.526231435744,5.63441980660413,153,1.5486906,
colombia,15455,-73.14639401319846,5.19626277298406,34,2.9918625,
colombia,15464,-72.7979182594641,5.75402876425946,20,2.1246333,
colombia,15466,-72.84866065657687,5.7224827887005185,37,2.3456688,
colombia,15469,-73.57278241476106,5.875364456236303,85,1.9442494,
colombia,15476,-73.3604038655745,5.577778286599589,32,2.452342,
colombia,15480,-74.10437281823052,5.534949372603264,27,2.4440897,
colombia,15491,-72.92986393353218,5.763649438922492,321,1.8180593,
colombia,15516,-73.11711408237441,5.778146551265378,245,1.8615861,
colombia,15537,-72.74755773890814,5.989771094146881,42,1.6974077,
colombia,15542,-73.04984889984537,5.560031579659985,33,2.275996,
colombia,15572,-74.58501676357486,5.974163403537211,130,2.0257137,
colombia,15599,-73.33628242328761,5.402588080415926,50,2.3203635,
colombia,15600,-73.63252067780883,5.537734052001814,61,1.2210032,
colombia,15632,-73.76255676874332,5.698178816916952,23,3.3114533,
colombia,15638,-73.5411366608281,5.5863576099973065,50,1.8753908,
colombia,15646,-73.48613857227706,5.491611371372317,63,2.2494576,
colombia,15667,-73.16877755026537,4.821163717174546,23,2.0342963,
colombia,15686,-73.4814901243109,6.0567019946367235,25,2.9637132,
colombia,15693,-72.98208652055656,5.875666210014768,70,2.6170392,
colombia,15753,-72.68375282740907,6.3332759825845235,45,2.6208239,
colombia,15757,-72.69320197331598,5.996371097239216,36,2.3794398,
colombia,15759,-72.92471436766867,5.720825459503035,912,2.0036376,
colombia,15764,-73.33583364635537,5.503885804685384,26,2.1835763,
colombia,15776,-73.61959588981345,5.620672543218016,36,1.9464605,
colombia,15804,-73.39595195977702,5.317944736901297,21,3.0371692,
colombia,15806,-72.98010622585913,5.737971282676943,137,1.8954732,
colombia,15814,-73.18467134426265,5.566733868537816,41,2.8692207,
colombia,15835,-73.49220749697713,5.324885631640811,32,3.0147789,
colombia,15837,-73.2323952200563,5.691748370083644,31,3.0255387,
colombia,15861,-73.52309062645689,5.3690481000461014,56,2.9343276,
colombia,17001,-75.49562910103866,5.057818336827025,1150,1.8661513,
colombia,17013,-75.45479056186379,5.6102651441683316,47,2.1118283,
colombia,17042,-75.78380888073946,5.236455052085784,68,2.391101,
colombia,17050,-75.49143220001808,5.2708775172581825,22,3.021282,
colombia,17174,-75.60693148908794,4.984083363646493,143,2.2255094,
colombia,17380,-74.66965177511757,5.461766923861893,225,1.8911288,
colombia,17433,-75.15377982093248,5.253935756433433,36,2.1473072,
colombia,17444,-75.05306340990474,5.297149725292064,23,2.9599624,
colombia,17486,-75.51982879100386,5.167943003868021,43,2.6607003,
colombia,17495,-74.88849763629194,5.574231341453399,26,2.8792865,
colombia,17513,-75.45937661012512,5.52712189246843,34,3.0530157,
colombia,17524,-75.62555622365906,5.017419429531267,30,3.4069884,
colombia,17541,-75.16099325001782,5.383092155028995,35,2.8646564,
colombia,17614,-75.70088726707286,5.425237029181439,113,2.604426,
colombia,17653,-75.48690690881412,5.404250050777932,45,2.1484425,
colombia,17662,-74.99262442623194,5.412711286511748,24,2.9097145,
colombia,17777,-75.65083813210768,5.450006579563702,57,2.5389838,
colombia,17867,-74.9112093933592,5.317490797779774,20,2.5817478,
colombia,17873,-75.50143512284237,5.0383212240772774,355,1.6386486,
colombia,17877,-75.87039474708966,5.064398940578028,58,2.5733533,
colombia,18001,-75.60934269303823,1.61716670808896,603,1.5914804,
colombia,18094,-75.87236153612821,1.415998292142829,38,2.0286968,
colombia,18150,-74.84833793646055,1.331939708136111,89,2.8841069,
colombia,18205,-75.91957402874995,1.0335533908923855,29,3.0071592,
colombia,18247,-75.28358189985302,1.6792917096063888,75,2.2917497,
colombia,18256,-75.32609489816552,1.5698405500846284,47,2.010218,
colombia,18592,-75.15902929832725,1.9079621147532888,75,2.8121412,
colombia,18610,-75.9733883805346,1.328531618333975,39,2.9583488,
colombia,18753,-74.76937218755263,2.1213175741383217,167,2.2544854,
colombia,18785,-75.61914025035537,0.8759473644687166,28,3.7931297,
colombia,19001,-76.59976881106473,2.4600919489102986,1306,1.723258,
colombia,19075,-77.21645432883,2.0411860976530893,23,3.077873,
colombia,19100,-76.96656842688871,1.8373572020727476,29,2.731693,
colombia,19142,-76.40836699003428,3.036120214876101,41,2.899245,
colombia,19212,-76.26189891830683,3.173352058086619,67,2.560393,
colombia,19256,-76.81186955348133,2.450469290719603,32,2.5917501,
colombia,19300,-76.39226380034737,3.135712858715654,43,2.2084606,
colombia,19318,-77.88883922700381,2.5703325376272455,68,2.5403514,
colombia,19450,-77.16402856105726,1.7901042714548059,47,2.5228376,
colombia,19455,-76.2290434182186,3.252637556526316,96,2.2963402,
colombia,19473,-76.62980402500297,2.7535191379039787,28,3.0626998,
colombia,19513,-76.3125236358059,3.2218552550913078,25,2.7282326,
colombia,19517,-75.97216818172896,2.645187038578086,23,2.0649273,
colombia,19532,-76.98118325725308,2.116596068717457,71,2.1975195,
colombia,19533,-76.32771870340655,1.1177964460287437,23,2.6497304,
colombia,19548,-76.53116617510109,2.644378993481822,121,2.5424166,
colombia,19573,-76.42604364880845,3.2385104279870687,170,2.2215059,
colombia,19698,-76.48625954703546,3.0121339666272817,321,1.7276148,
colombia,19743,-76.37875621332354,2.6120669078087904,52,1.9502094,
colombia,19780,-76.69296217045735,2.9554049390384893,34,3.5801897,
colombia,19807,-76.68438680930011,2.3498923818454265,92,2.4168563,
colombia,19809,-77.66582729367535,2.7743747871087945,31,2.354318,
colombia,19821,-76.26995019546477,2.9546875979590848,21,2.706771,
colombia,19824,-76.40422551532303,2.510458528742442,24,2.4507294,
colombia,19845,-76.45457707613973,3.1753712459638335,130,2.3064313,
colombia,20001,-73.26098656108724,10.46331540956175,1415,1.3273188,
colombia,20011,-73.61204014912694,8.30787632339783,439,2.0203376,
colombia,20013,-73.23714478857538,10.035211998088954,265,1.7538851,
colombia,20032,-73.9757359740621,9.497964512467092,62,1.7256691,
colombia,20045,-73.27934285240335,9.703800494520316,101,1.6523138,
colombia,20060,-73.88639195669137,9.973985232717016,213,1.7159281,
colombia,20175,-73.81323569947592,9.258629091341657,87,2.323646,
colombia,20178,-73.60115384712952,9.361410662023015,106,2.3916287,
colombia,20228,-73.541312743461,9.200394072075802,166,2.3356023,
colombia,20238,-73.96176599184074,10.150570863994254,139,1.6728585,
colombia,20250,-73.74561527287253,9.664483761728084,64,2.1952589,
colombia,20295,-73.73375564958948,8.328779862107275,82,2.2255042,
colombia,20383,-73.80290079634197,8.619518016495391,27,1.9494032,
colombia,20400,-73.33408429696938,9.564351752537014,157,1.9181658,
colombia,20443,-73.02970711289029,10.390638999415522,50,2.3956323,
colombia,20517,-73.62528421248066,8.959449930201718,87,2.015995,
colombia,20550,-73.6653712248491,8.688557639690735,112,2.342818,
colombia,20570,-73.58582611532067,10.417495285962957,74,2.8485909,
colombia,20614,-73.3862518348263,8.290855018176483,43,2.9622571,
colombia,20621,-73.17142195963835,10.388433568374076,122,1.9784577,
colombia,20710,-73.39560077977238,7.75979597529606,86,1.8786258,
colombia,20750,-73.1809203324135,10.33301754513164,59,2.673134,
colombia,20770,-73.51220386256566,7.999947463924632,95,1.9448594,
colombia,20787,-73.81379363687903,8.860090273613125,53,2.7919178,
colombia,23001,-75.87443230265009,8.754182816902428,1424,1.6098448,
colombia,23068,-75.14603978036611,8.311892164960474,161,2.168203,
colombia,23079,-75.48298079992819,8.223306558529563,49,2.3709633,
colombia,23090,-76.24100190771836,8.786477194194129,29,2.954104,
colombia,23162,-75.79360589006126,8.88243428349595,416,1.9902532,
colombia,23168,-75.62735541492968,9.149249944373333,21,2.9707057,
colombia,23182,-75.39886851097319,9.104893230390653,131,2.5879285,
colombia,23189,-75.62041102053816,8.875653952923303,118,2.601952,
colombia,23300,-75.80107628814828,9.03606105773361,59,2.8950665,
colombia,23350,-75.33579767435074,8.05000518507561,51,2.060117,
colombia,23417,-75.81647337343306,9.239658022841843,250,1.9691246,
colombia,23419,-76.35562253527944,8.893361565881504,24,2.4655426,
colombia,23464,-75.67731792199844,9.2397407920395,63,2.6614099,
colombia,23466,-75.41828903827015,7.972490207794005,269,1.9753754,
colombia,23500,-76.12801505220185,9.24577302278017,42,2.2386048,
colombia,23555,-75.58340660325621,8.40875823169568,162,2.594692,
colombia,23570,-75.50810481203945,8.50397166282315,70,2.9954178,
colombia,23574,-76.25957984118082,9.010473707577633,32,2.418324,
colombia,23580,-75.66925689188571,7.888276425908248,70,2.663817,
colombia,23586,-75.7234149168201,9.237346650447694,47,2.9339364,
colombia,23660,-75.44555035967653,8.942929507204328,284,2.1944594,
colombia,23670,-75.50866924440696,9.145863664418524,56,2.982176,
colombia,23672,-75.75979540645547,9.378460456037379,132,2.654006,
colombia,23675,-75.9548843727132,9.352377619957167,69,2.5295908,
colombia,23678,-75.69850139600248,8.79746429335607,34,2.515687,
colombia,23682,-75.53323962034135,7.787317134191846,24,2.7807722,
colombia,23686,-75.83640499699284,8.959341468216774,89,2.3464537,
colombia,23807,-76.05788332784626,8.167956318442938,191,1.9429048,
colombia,23815,-75.55234302500993,9.18555811036241,54,2.9781528,
colombia,23855,-76.14766477678067,8.25758334257402,104,2.8969042,
colombia,25001,-74.66992820220834,4.37716260781031,97,1.9336591,
colombia,25035,-74.52950035157686,4.562855181746543,215,1.796015,
colombia,25040,-74.46400453161867,4.762023964371393,34,2.6901143,
colombia,25053,-74.4158146663686,4.273303753223124,36,1.9953423,
colombia,25099,-74.34213632604326,4.7390932412607665,77,1.6697574,
colombia,25123,-74.43574169331282,4.730787927393059,40,2.1035414,
colombia,25126,-74.02996045095834,4.914085039882407,813,1.7071124,
colombia,25148,-74.49109084164743,5.347110664387309,22,1.4921073,
colombia,25151,-73.9448047831195,4.406835691186442,79,1.6336555,
colombia,25175,-74.05106513540113,4.858490656725205,1373,1.5218341,
colombia,25178,-74.05619677999985,4.453588293688095,45,2.7809145,
colombia,25181,-73.92219909584867,4.528820615073781,37,2.284342,
colombia,25183,-73.68355070289597,5.1445276548372885,83,2.6983526,
colombia,25200,-73.9746059365438,5.061337729046745,84,2.4785838,
colombia,25214,-74.11986330204188,4.785985033598287,1655,1.7638159,
colombia,25245,-74.44351373262117,4.578148398881032,91,1.3689808,
colombia,25260,-74.2590997894646,4.847293380733861,105,1.5360398,
colombia,25269,-74.3486357574955,4.811517060157475,454,1.6591429,
colombia,25279,-73.89423372709503,4.488254429427117,38,2.03485,
colombia,25286,-74.19591194269617,4.725471359682387,2012,1.6153669,
colombia,25290,-74.37933788172872,4.3417645932835995,684,1.6656567,
colombia,25295,-73.87254505156824,4.99479594389174,105,2.2545547,
colombia,25297,-73.63595313356647,4.8172755774557325,26,2.9931211,
colombia,25307,-74.79913767907398,4.308464270298656,1081,1.4632667,
colombia,25317,-73.68734036371087,5.383252878441916,29,1.6978874,
colombia,25320,-74.59879987026582,5.073178978411947,125,1.9272242,
colombia,25322,-73.87886487963722,4.868342718464054,40,2.073132,
colombia,25324,-74.7894755157338,4.518331796232693,27,1.8462199,
colombia,25326,-73.83275920530524,4.93394377839208,35,2.2489917,
colombia,25377,-73.99142663856391,4.695104549109947,281,2.1572351,
colombia,25386,-74.46460600441534,4.633045473308083,197,1.7792052,
colombia,25394,-74.39047672826132,5.359143990496266,27,2.4338171,
colombia,25402,-74.33460046972844,4.996016597549961,85,2.1322403,
colombia,25407,-73.70924182039286,5.303404686464761,27,2.2800195,
colombia,25430,-74.25716169463618,4.7489130035679326,911,1.5417498,
colombia,25438,-73.34991049354794,4.507518422719803,31,2.630998,
colombia,25473,-74.2170259440559,4.704750318239978,1647,1.4498155,
colombia,25483,-74.82557896120555,4.399002755487453,45,1.7524017,
colombia,25486,-73.8770980146487,5.067457852086921,50,2.3374329,
colombia,25488,-74.64698877490505,4.243679892646945,86,2.0326376,
colombia,25513,-74.15587104135658,5.135021369778812,107,1.4898963,
colombia,25530,-73.2127532290372,4.375057823703429,31,2.0249028,
colombia,25535,-74.30213218529423,4.308801316771563,21,2.627843,
colombia,25572,-74.65172440494577,5.470046354003034,133,1.8472291,
colombia,25599,-74.592347610599,4.520385020225577,84,1.9358493,
colombia,25612,-74.77087644667913,4.2849012952448,461,1.589044,
colombia,25649,-74.42194038599288,4.178901279003143,28,2.6674507,
colombia,25658,-74.2920020014679,4.970273738096744,38,1.3886845,
colombia,25662,-74.62182543250512,4.850064067215257,23,1.8803486,
colombia,25736,-73.79733933928547,5.05112081616083,69,2.3298285,
colombia,25740,-74.25270363864519,4.507400644220474,257,1.8786018,
colombia,25743,-74.39182302662617,4.399749670266055,92,1.8652242,
colombia,25745,-73.84822279932483,5.506193102405139,90,2.3566725,
colombia,25754,-74.21135112467542,4.5805615976106,3056,1.3017161,
colombia,25758,-73.95635642189818,4.917910570949228,215,1.7587132,
colombia,25769,-74.1731974123413,4.929228210116893,37,3.0376072,
colombia,25772,-73.7975462321342,5.101109013486408,79,1.8809662,
colombia,25779,-73.81216918006685,5.455887296317327,45,2.073129,
colombia,25785,-74.0953982334174,4.917971046791787,146,2.026078,
colombia,25799,-74.16824234349984,4.803282666063326,477,1.9173524,
colombia,25815,-74.63745515443271,4.458591955340313,110,1.906591,
colombia,25817,-73.93110950626526,4.953119648938615,357,1.5390763,
colombia,25843,-73.81364376156564,5.309071894762881,209,2.0903265,
colombia,25873,-73.59767676887753,5.215387910770517,91,2.6022937,
colombia,25875,-74.47078476656195,5.013709493505003,160,1.7903105,
colombia,25878,-74.52284631927398,4.439210723253701,34,2.1513534,
colombia,25899,-73.99055354476322,5.02475175909243,484,1.6385107,
colombia,27006,-77.27993496970527,8.511772002579379,38,2.988234,
colombia,27077,-77.3645051310723,4.95601278343443,33,2.4599526,
colombia,27615,-77.10987475370726,7.436461720965338,40,2.2984552,
colombia,27800,-77.09107755768213,8.041541273411386,34,3.0173893,
colombia,41001,-75.27696239397649,2.935946581584249,1331,1.5612668,
colombia,41006,-75.88921350323149,1.8044605957350601,35,2.8698354,
colombia,41013,-75.77180642606208,2.25829535851282,48,2.3126004,
colombia,41016,-75.24061295950693,3.2232943438071175,76,1.962573,
colombia,41020,-75.31543899648713,2.521397423666433,66,2.0525293,
colombia,41026,-75.78823734697626,2.0640172179437277,26,2.5923483,
colombia,41078,-75.05504425609486,3.152357354004058,33,2.1333199,
colombia,41132,-75.32588331507772,2.6863469636586856,145,1.743012,
colombia,41206,-74.80395408073583,3.377129150534102,29,3.686654,
colombia,41298,-75.62847999946764,2.1969151504258053,231,1.9720817,
colombia,41306,-75.54775544900929,2.382900260389309,68,2.1999335,
colombia,41319,-75.75678959013723,2.0241844791925208,31,2.90519,
colombia,41349,-75.44867630790611,2.58040531572768,43,2.3040788,
colombia,41359,-76.21734811445053,1.9298028510199317,44,2.2023115,
colombia,41378,-75.97976862042526,2.1974000858142326,29,2.1933794,
colombia,41396,-75.89111456411871,2.3898881614416685,150,2.381002,
colombia,41503,-75.99426268283025,2.025807101861112,22,3.9344497,
colombia,41518,-75.77350314186933,2.4504204366628857,21,2.9138157,
colombia,41524,-75.43604399233017,2.890607563173007,56,2.150202,
colombia,41548,-75.80445338312084,2.2668397562545177,39,3.040113,
colombia,41551,-76.05174013547366,1.8520328215447859,435,1.7006408,
colombia,41615,-75.25870705984751,2.77830457773918,75,2.7363257,
colombia,41660,-76.0466381948397,1.9946470440088284,23,2.9205735,
colombia,41668,-76.26995154788659,1.8806632490892,81,2.0564103,
colombia,41770,-75.7953663877344,1.975214153647623,28,2.5797594,
colombia,41791,-75.82398534076646,2.1114764081373205,38,2.77124,
colombia,41797,-75.7304381876094,2.4856626803720205,37,2.5755944,
colombia,41799,-75.13886326199456,3.0670986029844096,32,2.7538934,
colombia,41801,-75.56723340178516,2.741725285087929,27,2.8089063,
colombia,41807,-75.93167707381596,1.9748460393220177,40,2.4292703,
colombia,41872,-75.21662582718824,3.219723205971274,33,2.0137677,
colombia,41885,-75.5187071810827,2.6650424630661873,37,2.0295193,
colombia,44001,-72.91182251163171,11.530300992555647,746,1.824493,
colombia,44035,-72.61079075474896,11.155224693377614,190,1.7541639,
colombia,44078,-72.79458479282862,10.959426934073193,204,2.0804548,
colombia,44090,-73.30707950143707,11.27191427757881,32,2.318338,
colombia,44098,-72.89005376508857,10.894292136184145,62,2.4475422,
colombia,44110,-72.92632894152159,10.653313164188786,48,2.175563,
colombia,44279,-72.84725225268463,10.887436191855423,209,2.6423442,
colombia,44378,-72.75841052130956,11.069573441162152,119,2.418409,
colombia,44430,-72.24316824695183,11.378477615729519,673,2.1438053,
colombia,44560,-72.44057723817367,11.77137879660536,124,2.1442573,
colombia,44650,-73.00117436960632,10.77109051214627,233,1.7094094,
colombia,44847,-72.26710242904329,11.713612441230268,228,1.7482525,
colombia,44855,-73.0134701810257,10.5603667035047,54,2.0730953,
colombia,44874,-72.97822185085928,10.60735731249594,143,2.2677753,
colombia,47001,-74.19503393586898,11.207607135748825,1968,1.621489,
colombia,47030,-74.06002993202867,10.189768905819056,58,2.243475,
colombia,47053,-74.18566254083356,10.590092341097009,104,2.10654,
colombia,47058,-74.23615925939245,9.847106314559857,110,2.111385,
colombia,47161,-74.86849663498259,10.325411837300488,25,2.0447543,
colombia,47170,-74.6222250468606,10.02728909709408,68,2.9149044,
colombia,47189,-74.24018118220135,11.005799289569007,354,1.9559381,
colombia,47205,-74.83652753405929,10.255794992086564,38,0.8905304,
colombia,47245,-73.9729060802628,9.006256749524425,160,1.9104869,
colombia,47258,-74.82273844710035,10.403088228197968,38,2.0926545,
colombia,47268,-74.26831415571212,10.61028203000915,54,2.0445173,
colombia,47288,-74.19253876837482,10.515386115475016,233,1.8258163,
colombia,47318,-74.22353590052055,9.14493621239404,69,2.3255613,
colombia,47460,-74.39140407276167,9.801379518422248,49,2.6287413,
colombia,47545,-74.45864992849468,9.331783984280287,37,2.5303333,
colombia,47551,-74.6143758955809,10.460875001666636,124,1.9184537,
colombia,47555,-74.7838437643893,9.794362018776996,204,2.196759,
colombia,47570,-74.28286056860993,10.9940994230554,59,1.6779085,
colombia,47605,-74.71601480242172,10.701857367061827,31,2.2688656,
colombia,47660,-74.21394821871455,10.032201846408784,31,2.3103445,
colombia,47675,-74.79241840581591,10.490171782335105,52,2.1018178,
colombia,47692,-74.35119001442433,9.242049265401898,42,2.6581547,
colombia,47707,-74.56747181133734,9.32391121709739,67,2.2519052,
colombia,47720,-74.70390915830939,9.433732240569906,44,2.4858136,
colombia,47745,-74.73026233587186,10.83590765455268,74,2.1740947,
colombia,47798,-74.85878783404942,9.898884002615638,43,1.9561814,
colombia,47980,-74.14351742476899,10.762966547052713,29,2.2302206,
colombia,50001,-73.61845260171201,4.1224740100739234,2128,1.7186698,
colombia,50006,-73.76814209441561,3.9913029696181184,334,1.9317418,
colombia,50110,-72.9653748245819,4.568119223161883,41,2.0646849,
colombia,50124,-72.79147970928742,4.287188977584997,28,1.8461202,
colombia,50150,-73.68707451094377,3.8299133493048676,50,1.8351424,
colombia,50223,-73.83689068892049,3.793317596386196,38,1.8032446,
colombia,50226,-73.48951300670834,4.269896719033562,91,2.5098174,
colombia,50251,-73.79464401794625,3.5644060738233634,24,3.0426571,
colombia,50287,-73.61816832437168,3.4627793739955357,58,2.8202918,
colombia,50313,-73.70493687243486,3.5474426554358174,347,1.8460866,
colombia,50318,-73.76943951492693,3.877876998247022,90,2.1226175,
colombia,50325,-72.13396980347021,2.8918716804111706,25,1.9534578,
colombia,50330,-74.04395276514819,3.3829190401223075,40,3.0009317,
colombia,50350,-73.78680061227075,2.1781281044569307,68,2.589808,
colombia,50370,-74.35223310442875,3.2401808134525987,24,2.9624166,
colombia,50400,-74.02053487433159,3.525403510395165,29,2.971097,
colombia,50450,-72.76061994547055,2.623909222861951,31,2.0553038,
colombia,50568,-72.09001404225909,4.315070088333723,142,1.8793423,
colombia,50573,-72.96008927678602,4.08756704451593,128,1.6843001,
colombia,50577,-73.37322632513539,3.271190576816284,39,2.637346,
colombia,50590,-73.20573866156869,2.9396533822815822,47,2.0759575,
colombia,50606,-73.56448164050752,4.25721837001948,90,1.7861552,
colombia,50680,-73.24206120473875,3.7110390735090637,45,2.224349,
colombia,50683,-73.87631009125887,3.3738959350557796,51,2.5097716,
colombia,50689,-73.6967477017341,3.698453337119988,146,1.64948,
colombia,50711,-73.75107307618876,3.1256554228361813,57,1.9037493,
colombia,52001,-77.27720586011291,1.2079248499337911,1201,1.6897236,
colombia,52079,-78.13721532472752,1.671500735258641,40,2.5593264,
colombia,52110,-77.15738127772772,1.3803853810167528,46,2.5229354,
colombia,52207,-77.4652173442213,1.2076202379025582,29,2.7011244,
colombia,52215,-77.51802526151211,0.8555032118751832,23,3.994568,
colombia,52227,-77.79274574367008,0.9078735556830492,88,2.6840875,
colombia,52240,-77.28314103149404,1.3632577518245121,41,2.2620625,
colombia,52250,-78.10978269864005,2.4800192164310326,31,2.1737137,
colombia,52260,-77.39165188600316,1.4082398506160407,38,2.7402108,
colombia,52287,-77.44936468578966,1.0007333023362088,26,3.0072074,
colombia,52317,-77.73151298387066,0.9598694929615857,46,3.0617676,
colombia,52320,-77.54981270004657,1.129993555790244,37,3.1119595,
colombia,52323,-77.57095794996705,0.9193557883393747,35,3.5539224,
colombia,52356,-77.63781162475746,0.8271188329611152,451,1.9204663,
colombia,52378,-76.9707825690317,1.6017729013774615,40,2.0377364,
colombia,52390,-78.18981090087016,2.399370248041329,20,2.054483,
colombia,52399,-77.13146844700184,1.5999267114246267,75,2.1512387,
colombia,52418,-77.52152264775545,1.494245302141647,24,2.0115125,
colombia,52490,-78.32411669231274,2.348676366837768,49,2.205463,
colombia,52506,-77.56838395332751,1.058091957262187,24,2.1695578,
colombia,52573,-77.5049893468363,0.885266804109164,32,3.5772436,
colombia,52585,-77.63827171846343,0.8713489290114566,48,3.0587237,
colombia,52678,-77.59472891082235,1.3353436873875886,56,2.090737,
colombia,52683,-77.47293996271067,1.2835782573804748,67,2.4753823,
colombia,52693,-77.01478695724306,1.6690746902097213,24,2.6946332,
colombia,52788,-77.39277383628371,1.0961075456262614,52,2.8152952,
colombia,52835,-78.77006640504436,1.8042329150008451,327,1.7508272,
colombia,52838,-77.61733588383733,1.0856733688915547,124,2.331114,
colombia,52885,-77.39933210626062,1.1174874356676343,32,2.5635035,
colombia,54001,-72.51004729915007,7.905513307582543,2832,1.4953625,
colombia,54003,-73.22169165916371,8.081303814425306,96,2.0220861,
colombia,54099,-72.6470677511682,7.611482611845885,30,2.024097,
colombia,54172,-72.6002087917499,7.60305217634893,118,2.247595,
colombia,54174,-72.66492572410402,7.137254858142036,33,2.6502116,
colombia,54206,-73.3382063789574,8.470295704110306,42,2.2654908,
colombia,54250,-73.09326675026023,8.578185632832799,73,2.1909685,
colombia,54261,-72.60507409717407,7.94002827238708,124,1.912757,
colombia,54313,-72.78740336913512,7.916845952641585,25,1.9756125,
colombia,54405,-72.50325411217398,7.8354851929450815,660,1.4202821,
colombia,54498,-73.35453890800358,8.246556655164783,436,1.691105,
colombia,54518,-72.64746861427979,7.374394827165527,199,2.10395,
colombia,54553,-72.41213924056822,8.359053809843827,41,2.2959588,
colombia,54599,-72.47616293409834,7.578039237878322,24,2.8547413,
colombia,54660,-72.81183522229719,7.774493191007488,25,2.2423391,
colombia,54673,-72.59440216815169,7.879094769471676,57,2.028819,
colombia,54720,-72.80039207965315,8.081929533236659,42,2.369868,
colombia,54810,-72.73325364176571,8.640115277991894,135,2.0878706,
colombia,54820,-72.48189555215826,7.307850940268061,38,2.7722673,
colombia,54874,-72.47240837716924,7.8491203783573384,956,1.5953518,
colombia,63001,-75.68246769902392,4.534797029147665,1249,2.1576173,
colombia,63130,-75.64721273232539,4.521929439103614,481,2.2600374,
colombia,63190,-75.64294848951528,4.608650263819436,132,2.6806102,
colombia,63272,-75.65877092160221,4.674266913101338,33,2.894265,
colombia,63302,-75.79028369407878,4.206722566434993,27,2.0700037,
colombia,63401,-75.7855128159705,4.454567236972394,126,2.3726308,
colombia,63470,-75.75024676440378,4.56447166084937,91,2.3988476,
colombia,63594,-75.76425079984092,4.621724089863864,91,3.042643,
colombia,63690,-75.57159665444878,4.637529745582202,29,2.721293,
colombia,66001,-75.7210381786011,4.804550304764557,1354,1.7125386,
colombia,66045,-75.94316458393823,5.108073174829146,24,3.032545,
colombia,66088,-75.86796149874921,5.201069382244295,37,2.5378356,
colombia,66170,-75.67680132602574,4.8302874874794055,1130,1.5435209,
colombia,66318,-75.79528488036452,5.3161413437208695,27,2.095541,
colombia,66400,-75.87949731815674,4.898237431279772,83,1.9653978,
colombia,66440,-75.73836728154961,4.936131047912481,32,2.7000818,
colombia,66594,-75.73029884821335,5.339982004343294,32,2.7690213,
colombia,66682,-75.62332323118024,4.877237000564125,280,1.9579309,
colombia,68001,-73.12623682767945,7.109495854357014,2316,1.5441021,
colombia,68077,-73.61608840929107,5.934384976653835,122,1.9862593,
colombia,68079,-73.22345333892378,6.633848254244441,44,2.0244577,
colombia,68081,-73.84771900464288,7.0643931671990075,1023,1.7421741,
colombia,68147,-72.69663337008593,6.529139177710961,52,2.9086757,
colombia,68162,-72.69345913509912,6.839689182795963,34,2.7966142,
colombia,68167,-73.1473816440169,6.283953585431174,48,2.5768046,
colombia,68190,-73.95116187636368,6.315657865083765,63,2.4765906,
colombia,68211,-73.47410126988567,6.290736581592899,20,3.031908,
colombia,68229,-73.07109084572168,6.6070480143414265,34,1.9326602,
colombia,68255,-73.2030913771034,7.471103974224522,28,1.9843286,
colombia,68276,-73.09982618583885,7.072702199912892,1121,1.1909449,
colombia,68307,-73.160150454748,7.06893291948618,1038,1.5047288,
colombia,68406,-73.21735316843082,7.11331510104981,133,1.9993929,
colombia,68432,-72.73085098348359,6.704222254636174,99,2.0888307,
colombia,68464,-72.9698004879068,6.475663980072577,28,2.1326654,
colombia,68500,-73.29960525530599,6.265385059879655,35,2.676323,
colombia,68547,-73.0557147294949,6.994349543001614,458,1.4503964,
colombia,68572,-73.67633989713242,5.878442634434091,41,2.9841118,
colombia,68575,-73.89853943261949,7.345101040488469,81,2.188344,
colombia,68615,-73.15049311136336,7.265074430824759,29,2.1103137,
colombia,68655,-73.4989540640764,7.39248232211556,158,2.0734136,
colombia,68679,-73.1357197865001,6.553328044831655,214,1.4839553,
colombia,68689,-73.41117545965811,6.880892840613749,61,2.0783644,
colombia,68755,-73.26060916138135,6.466007015574519,109,1.8959907,
colombia,68861,-73.67168287540026,6.010695720899773,71,2.2215245,
colombia,68872,-73.17479203127765,6.670866424489147,36,2.4208643,
colombia,68895,-73.27010855087877,6.816536079168932,74,2.6479578,
colombia,70001,-75.39423136901767,9.299293196229304,948,1.7645094,
colombia,70110,-74.97233657587682,9.319759230963841,52,2.9834116,
colombia,70124,-75.11752685307711,8.789269118945729,33,2.9863186,
colombia,70204,-75.35333993554562,9.495660657085002,37,2.5864105,
colombia,70215,-75.29319275675417,9.320772232824075,251,1.9590143,
colombia,70221,-75.67945693656205,9.40338001905004,211,2.3346844,
colombia,70233,-75.19546477192208,9.102874238008681,32,2.9948397,
colombia,70235,-75.04864974718795,9.160219921258056,84,2.7756526,
colombia,70265,-74.5382454380932,8.467790212126205,35,2.2373536,
colombia,70400,-75.2785352234655,8.853743266367514,68,2.9004467,
colombia,70418,-75.26895846699529,9.378910429797694,64,3.0899227,
colombia,70429,-74.62788020983872,8.541506383074571,58,2.4256454,
colombia,70473,-75.3131246889378,9.328897129881963,80,2.1121998,
colombia,70508,-75.22903789132351,9.526817153246249,75,2.278836,
colombia,70523,-75.54216970007019,9.333601911030245,26,2.887329,
colombia,70670,-75.38049474301532,9.183113015003332,121,2.7529387,
colombia,70678,-75.02870061097694,8.929818351405382,53,2.8706748,
colombia,70702,-75.24301707184908,9.273459341608406,42,2.9507582,
colombia,70708,-75.13144450278517,8.661603129890972,209,2.3869965,
colombia,70713,-75.52276051228174,9.737035346688783,108,2.7061155,
colombia,70742,-75.14616604579317,9.24444248922054,119,2.5791836,
colombia,70771,-74.72248902368932,8.812254257822104,36,2.8286195,
colombia,70820,-75.5806693869116,9.526931329468102,179,2.108276,
colombia,70823,-75.43984094533859,9.449835794065226,43,2.5207794,
colombia,73001,-75.19402569056875,4.4317496029618635,1826,1.754017,
colombia,73026,-74.95325292103362,4.567558928199507,40,1.8714409,
colombia,73030,-74.76470702379856,4.783946594940597,50,2.4831438,
colombia,73055,-74.88411086271938,5.030823765584513,77,2.7377665,
colombia,73067,-75.38187202615913,3.5912580616844556,31,3.5147796,
colombia,73124,-75.43259157004465,4.438551884836458,55,1.8770133,
colombia,73148,-74.71885845252135,4.153955203476751,120,1.9505376,
colombia,73168,-75.48144904421216,3.7233389128334946,183,2.1657014,
colombia,73217,-75.19399784072507,3.7975629974091794,28,1.8160391,
colombia,73226,-74.69082225581619,4.061868570259067,23,2.8676782,
colombia,73236,-74.89719485930732,3.53866640293384,24,3.2735088,
colombia,73268,-74.88577687918986,4.15047202751916,356,1.8151454,
colombia,73275,-74.81453515837926,4.277087874824379,394,1.379658,
colombia,73283,-75.03572310219967,5.153058731331515,58,2.699019,
colombia,73319,-74.96761916614251,4.030708852970856,146,2.4913626,
colombia,73349,-74.74477601468833,5.208968898495548,186,2.0543125,
colombia,73352,-74.53101530980983,4.175486429185216,31,2.6570897,
colombia,73408,-74.91080386238121,4.861459081403014,123,2.042626,
colombia,73411,-75.06258720914829,4.920554702097467,109,1.9756898,
colombia,73443,-74.89009369667241,5.198336891682065,194,2.179323,
colombia,73449,-74.6464982681293,4.203157512117674,382,1.7209733,
colombia,73483,-75.0940313575983,3.6234443412878403,64,2.0335226,
colombia,73504,-75.22099495244049,3.9332126990316585,47,2.5718722,
colombia,73547,-74.87630202832428,4.545663347816809,39,3.052839,
colombia,73555,-75.6444774015829,3.1972141476542806,30,2.9234836,
colombia,73563,-74.92744775971354,3.75050383351401,33,2.720251,
colombia,73585,-74.93549795899433,3.8575911856339857,104,2.3374422,
colombia,73624,-75.24075190862963,4.239083862989579,63,2.0697432,
colombia,73671,-75.01757728426658,3.9282703999977024,85,1.8511775,
colombia,73675,-75.4792680361886,3.9145705905900128,29,2.1617284,
colombia,73678,-75.09600937233327,4.1333646924513285,25,2.5422757,
colombia,73861,-74.9289293865846,4.717609764209438,63,2.5789042,
colombia,73870,-75.11850605702173,5.030562188990216,21,2.4644015,
colombia,76001,-76.52046077798248,3.4201442325296565,10271,1.245674,
colombia,76020,-75.78023850064889,4.674309770508522,37,3.324604,
colombia,76036,-76.16805941343205,4.172822882548565,104,2.289097,
colombia,76041,-75.99042695526751,4.793587804147802,69,2.4455943,
colombia,76100,-76.18497009912066,4.339094429135801,29,2.5638545,
colombia,76109,-77.0178725453037,3.8785499314487213,880,1.9868277,
colombia,76111,-76.2989251911229,3.9017742169005714,448,1.5244402,
colombia,76113,-76.15624884130942,4.208086253029096,90,1.9717244,
colombia,76122,-75.83006710801314,4.335259614690671,98,2.3028646,
colombia,76126,-76.48561136535703,3.932151429548895,96,2.137215,
colombia,76130,-76.40194217589169,3.400848213208664,895,1.8179821,
colombia,76147,-75.92147092183203,4.743455854934592,509,1.6675708,
colombia,76233,-76.6881426563786,3.6560592757935435,76,2.4017577,
colombia,76250,-76.23691019434148,4.510182099817074,35,2.1425488,
colombia,76275,-76.2503612029365,3.3297857429901834,202,2.2470562,
colombia,76306,-76.26750648824444,3.724248323939436,50,1.9262347,
colombia,76318,-76.32970835081353,3.7636935595895444,112,2.1845996,
colombia,76364,-76.53676194540583,3.254772154359744,719,1.6402295,
colombia,76377,-76.57171430883017,3.6521459719513913,33,2.588543,
colombia,76400,-76.09968348296022,4.535374331503692,163,2.2530024,
colombia,76403,-76.03606758177001,4.5232605161755535,52,2.3389282,
colombia,76497,-75.97433452897415,4.575317297436082,45,2.387185,
colombia,76520,-76.327374184644,3.5281825648157814,2479,1.7802976,
colombia,76563,-76.25206478470152,3.4152411802270057,246,2.3169932,
colombia,76606,-76.52361192774647,3.821619442350661,36,2.0413465,
colombia,76616,-76.28648090926394,4.157059111224779,36,2.7126198,
colombia,76622,-76.15234819760356,4.413401509270206,119,2.3633845,
colombia,76670,-76.2307938386104,3.99495550209673,100,1.9495043,
colombia,76736,-75.93173257754094,4.269860790727946,118,2.5060267,
colombia,76823,-76.07595465178242,4.609327185592366,67,2.2458432,
colombia,76828,-76.31912357854974,4.2126090690905995,38,3.2538655,
colombia,76834,-76.19709908997149,4.087607987165486,684,1.5712873,
colombia,76863,-76.19884222292369,4.574587684712041,20,2.0282686,
colombia,76869,-76.44124757430208,3.697052513026996,57,2.7012484,
colombia,76890,-76.38380070886977,3.85990315206342,64,2.519362,
colombia,76892,-76.50472407573889,3.5308906767080983,1757,1.7055944,
colombia,76895,-76.07015999882047,4.392668658642759,149,2.0793543,
colombia,81001,-70.7518536692696,7.077863044174515,411,1.5761847,
colombia,81065,-71.42586150053857,7.027255789443358,81,1.4866508,
colombia,81220,-70.20482555615052,6.301109238627291,38,2.4649282,
colombia,81300,-71.76746223266507,6.7977191745123235,70,1.8648802,
colombia,81591,-71.10217713256175,6.2796911886039695,41,2.5784848,
colombia,81736,-71.87559767703821,6.954248639655472,245,2.0208423,
colombia,81794,-71.7464525618267,6.455135501401992,245,2.295484,
colombia,85001,-72.39622398461073,5.325542451287479,783,1.7900962,
colombia,85010,-72.54710985389966,5.172058733327668,176,1.7104717,
colombia,85125,-71.76499302070768,6.155510335855969,53,2.9311638,
colombia,85139,-72.28080753697576,4.816546216871865,102,1.985426,
colombia,85162,-72.89364890087285,4.876645096493905,134,1.5583534,
colombia,85230,-71.34142879348056,4.789161510141375,48,2.246202,
colombia,85250,-71.89097674131679,5.881024412103816,173,2.2203147,
colombia,85263,-71.99267350008279,5.72793715457588,54,2.9332173,
colombia,85325,-71.73182297680977,5.422143056086802,27,2.1012604,
colombia,85410,-72.74620371360689,5.017062794920559,131,2.2689943,
colombia,85430,-71.6613770071107,5.410222016944736,50,2.2273016,
colombia,85440,-72.93094319559171,4.612680090718589,238,1.8530685,
colombia,86001,-76.65056598921655,1.1535787083689628,189,2.405942,
colombia,86219,-76.97227261518952,1.1908168385008353,39,3.6125598,
colombia,86320,-76.8709573566721,0.6648022704416744,199,2.4221601,
colombia,86568,-76.49746935489229,0.5068882643829447,256,2.133679,
colombia,86569,-76.60586346031569,0.6877892092292818,46,2.59458,
colombia,86571,-76.40958241560686,0.960376318065806,39,2.804339,
colombia,86573,-74.780654344447,-0.1906327134474916,75,2.3155394,
colombia,86749,-76.91852886787807,1.201158702814876,84,2.7091992,
colombia,86755,-76.8797369158599,1.1745193693338611,28,2.8873153,
colombia,86757,-76.91172663083076,0.3440562525814451,49,2.948544,
colombia,86760,-77.00227961253306,1.14758601147573,28,2.9687462,
colombia,86865,-76.90644778889008,0.42348270353568335,116,2.5105743,
colombia,86885,-76.61667864856747,1.0278597096683395,83,2.3682246,
colombia,88564,-81.37000495435537,13.372914005454236,42,1.8275337,
colombia,91001,-69.93994592262347,-4.202894954748481,199,1.863897,
colombia,94001,-67.91970915493788,3.871237715685828,210,1.6268119,
colombia,94343,-69.81301360148396,3.4910473998820732,22,2.4176912,
colombia,95001,-72.63879584719304,2.565359494835918,237,1.8644392,
colombia,95015,-72.65404167703116,1.9617016021032794,43,2.0115514,
colombia,95025,-72.62905722486315,2.3302652482173243,29,2.4842882,
colombia,97001,-70.23265869688008,1.2538772558256375,83,2.075846,
colombia,99001,-67.48863240208719,6.1866239424502725,196,1.6165725,
colombia,99524,-70.41209738643738,5.488791445594663,41,2.776613,
colombia,99773,-69.79390374830959,4.446459777589242,53,2.1186724,
mexico,01001,-102.28239418478012,21.879535298358867,5086,0.90091825,train
mexico,01002,-102.07025965045548,22.093226623544155,100,1.8599771,beyond
mexico,01003,-102.70391999420333,21.854936184347107,306,1.7945566,beyond
mexico,01004,-102.29732967060474,22.354623931900765,100,2.1707435,beyond
mexico,01005,-102.3252635516884,21.96139532834666,661,1.3586617,train
mexico,01006,-102.28177260672416,22.141897798233945,162,1.768668,beyond
mexico,01007,-102.32453111390551,22.224195434815034,235,1.560243,beyond
mexico,01008,-102.41459810731169,22.148407838813316,101,2.0996838,beyond
mexico,01009,-102.17325090644617,22.223899614353773,72,2.0599978,beyond
mexico,01010,-101.96411898846328,21.91736697142218,89,2.038979,beyond
mexico,01011,-102.26397012807129,22.03030765176868,213,1.8750484,train
mexico,02001,-116.60000645325749,31.841666494752157,3747,1.410327,train
mexico,02002,-115.44508562373682,32.61734803763425,7665,1.0493482,train
mexico,02003,-116.62439582029351,32.55969526588269,956,1.159507,expansion
mexico,02004,-116.9600115632616,32.491563201746764,11268,1.0919334,train
mexico,02005,-117.0494809977754,32.398547420494424,706,1.1812253,train
mexico,02006,-115.99765975586496,30.74074109795214,408,2.608902,train
mexico,03001,-111.65919964101468,25.033689601858786,853,1.5628448,expansion
mexico,03002,-114.03456868565779,27.975709518277906,104,1.0332439,expansion
mexico,03003,-110.32389313112171,24.11192650291897,3245,1.4327474,test
mexico,03008,-109.76577591896826,23.021831790803656,1237,1.3642383,train
mexico,03009,-111.3621370604941,26.016947584231378,169,1.5765332,expansion
mexico,04001,-90.04933924453653,20.36540918062061,784,2.441373,expansion
mexico,04002,-90.52479486338194,19.82227887671788,2346,1.1475772,expansion
mexico,04003,-91.79696101052639,18.65408444403824,1317,1.2775121,test
mexico,04004,-90.7233848453851,19.341732495247797,408,1.9840227,train
mexico,04005,-90.15657066497361,20.157333105058346,497,2.4478831,beyond
mexico,04006,-89.8447077017527,19.745724480774754,211,2.5783036,beyond
mexico,04007,-92.09113626454011,18.25769063053024,60,2.1599677,beyond
mexico,04008,-90.22613076653427,20.043698544165935,216,3.0063322,beyond
mexico,04009,-90.74682306660985,18.60689266442584,388,2.1258004,test
mexico,04010,-89.39550808116724,18.50300780067646,126,1.8801258,beyond
mexico,04011,-91.04210922435118,18.18904027220664,165,2.1720538,beyond
mexico,04012,-90.68487479609394,19.63764805838596,109,2.255299,beyond
mexico,05001,-101.42808724108811,27.18272026454798,91,2.1518636,beyond
mexico,05002,-100.96580120628902,29.323948327513794,1444,1.624072,expansion
mexico,05003,-100.85575180324236,28.345520686610392,333,1.3707805,expansion
mexico,05004,-100.87408993579719,25.45135500406155,330,0.8506485,train
mexico,05005,-100.66665294598482,26.835963531330545,113,1.8824154,beyond
mexico,05006,-101.42244693894506,26.79217114828778,1116,1.6101391,expansion
mexico,05007,-102.06340553151591,26.985352033237827,146,1.822912,beyond
mexico,05008,-101.41357750789379,27.233217658480513,90,2.9686568,beyond
mexico,05009,-103.27121682577936,25.777282922863396,452,1.7700621,beyond
mexico,05010,-101.45880944757533,26.936143561160065,1698,1.3358396,expansion
mexico,05011,-101.47638773352499,25.37877564768027,97,2.052918,beyond
mexico,05012,-100.37954924323893,28.309382177943334,287,1.969301,beyond
mexico,05013,-99.87455361627336,27.78635341082921,97,2.2846136,beyond
mexico,05014,-100.67979211113246,29.064761704057233,129,2.0545533,beyond
mexico,05015,-100.72789190091393,27.61004419141193,92,1.6779637,beyond
mexico,05016,-101.79522193052969,27.050645918787115,113,2.3166723,beyond
mexico,05017,-103.30336177963568,25.59204843018787,152,1.7802978,beyond
mexico,05018,-101.42073107847156,26.907512243054075,4849,1.1712775,expansion
mexico,05019,-100.88296709201288,28.400832133698614,106,1.3172275,expansion
mexico,05020,-101.51899367753636,27.8828469738334,480,1.7974895,expansion
mexico,05021,-101.59149641568848,27.030163932935324,395,2.1401298,beyond
mexico,05022,-100.66055713162973,28.53148837994726,779,1.751598,expansion
mexico,05023,-102.3977194379426,27.313957044057755,135,2.5102813,beyond
mexico,05024,-102.18203333673011,25.448108288884576,932,1.643434,expansion
mexico,05025,-100.5445710950554,28.6889234506872,2081,1.2782317,expansion
mexico,05026,-100.98961827974601,27.42775850462675,59,1.9233422,beyond
mexico,05027,-100.95282480740445,25.54023647550489,835,1.12301,train
mexico,05028,-101.14658381932293,27.882718571099492,1387,1.3996924,expansion
mexico,05029,-101.72439374015363,27.002849665096885,77,2.403427,beyond
mexico,05030,-100.98104730001378,25.432093240345058,7270,0.9803097,train
mexico,05031,-101.54208740134263,27.058894635118296,738,1.7360178,beyond
mexico,05032,-101.22644432503026,27.934733344157003,1294,1.3271577,expansion
mexico,05033,-102.99002294075497,25.75715839228954,436,1.7280856,expansion
mexico,05034,-103.70023670580721,27.29051540201212,45,2.5098047,beyond
mexico,05035,-103.39628491997601,25.550487622537094,5728,0.9274227,val
mexico,05036,-102.80661807132776,25.340903852948344,115,1.623782,beyond
mexico,05037,-100.72685508914194,28.221982035755264,244,1.716968,beyond
mexico,05038,-100.91986338314963,28.491520062931876,319,1.7107018,beyond
mexico,06001,-103.96342623003987,18.942147635447405,234,2.1241188,train
mexico,06002,-103.71678142081134,19.24314247061901,3058,0.98221296,expansion
mexico,06003,-103.75737873023826,19.3225377262474,183,1.385314,expansion
mexico,06004,-103.80670090291686,19.212841348691466,41,2.0100763,expansion
mexico,06005,-103.59161185508029,19.351113064786624,224,2.2536502,beyond
mexico,06006,-103.73622315919451,19.000459775959666,46,2.1376715,beyond
mexico,06007,-104.32122117697543,19.094406923009565,1926,1.4597675,expansion
mexico,06008,-104.05172351115534,19.386695546078975,86,2.3825216,beyond
mexico,06009,-103.8844025811075,18.922158869990632,725,1.6513052,train
mexico,06010,-103.7464663984229,19.270272358921098,1899,0.7441274,expansion
mexico,07001,-92.67643804333389,15.34191065354651,488,2.6246917,beyond
mexico,07002,-92.8078024422906,16.556751805934528,164,2.3575106,beyond
mexico,07003,-92.70088526772378,15.29137912295861,372,2.6300848,beyond
mexico,07004,-92.03911712076072,16.732559719118363,176,2.7444339,beyond
mexico,07005,-92.81741658421682,17.373565830379192,38,3.0436034,beyond
mexico,07006,-92.03990250782755,15.59653773440417,79,2.6920884,beyond
mexico,07007,-92.43854397392896,16.52395714344487,423,2.7128294,beyond
mexico,07008,-92.7342412533533,15.850871413260581,241,2.4175613,beyond
mexico,07009,-93.89810556409323,16.23385562295943,466,2.326512,beyond
mexico,07011,-92.24864808416514,15.584542639158467,37,2.3537457,beyond
mexico,07012,-93.2752617533309,16.784390151680924,119,1.8977557,beyond
mexico,07013,-92.895349336648,16.996326837381506,92,2.371533,beyond
mexico,07014,-92.72156881390892,17.061911930999695,37,2.9778974,beyond
mexico,07015,-92.17054174649397,15.000706202515728,370,2.10694,beyond
mexico,07016,-92.01756817304803,17.717524271950154,153,2.540694,beyond
mexico,07017,-93.7271632782213,16.688504749220424,453,2.2550807,expansion
mexico,07018,-93.15956758577568,17.130455958686134,121,2.399115,beyond
mexico,07019,-92.1305310628286,16.23478000689155,1199,1.6778334,val
mexico,07020,-92.82520155752435,16.06533634141269,105,2.6160514,beyond
mexico,07021,-93.20960047402536,17.096320872944503,145,3.0231602,beyond
mexico,07022,-92.6179310839967,16.962616754183873,32,2.9944434,beyond
mexico,07023,-92.68904383536554,16.78600465402983,100,3.9590585,train
mexico,07024,-92.26139396139686,16.65468107405941,262,3.0111446,beyond
mexico,07025,-93.129690480568,17.33985543708586,25,2.9879334,beyond
mexico,07026,-92.6273950328033,16.892101593915374,134,1.9272015,beyond
mexico,07027,-93.01986882675226,16.725223026534348,642,1.8964304,train
mexico,07028,-92.72025890146276,16.571799386368824,191,2.7799718,beyond
mexico,07029,-93.10734183448591,16.96760271234274,148,1.9314123,beyond
mexico,07030,-92.28239551208823,15.743150686875786,152,2.3686788,beyond
mexico,07031,-92.27298511435148,17.10588471250315,88,2.5981054,beyond
mexico,07032,-92.65859033796195,15.321397358681805,460,2.665617,beyond
mexico,07034,-92.09604128832217,15.667194650485612,271,2.0760624,beyond
mexico,07035,-92.17477214721328,14.763503621098243,152,2.94038,beyond
mexico,07036,-92.22496297260462,15.513149595568681,34,2.8601007,beyond
mexico,07037,-92.39718154472462,15.012581195149545,246,2.3653612,beyond
mexico,07038,-92.45341103748996,16.71058990610226,86,2.55523,beyond
mexico,07039,-92.68524970559461,17.171225833698234,48,2.9551935,beyond
mexico,07040,-92.46746201337342,15.142915488456099,714,2.009835,beyond
mexico,07041,-92.01210930766807,16.25127127630772,25,2.5934184,beyond
mexico,07042,-93.00800758399926,17.294005106436888,78,2.2267675,beyond
mexico,07043,-93.09593483773024,17.42990832082817,62,2.8391783,beyond
mexico,07044,-92.9014474380295,16.80172869601876,77,2.9608939,beyond
mexico,07046,-93.656232615507,16.676221153832284,43,2.8885925,expansion
mexico,07047,-92.85949956447213,17.067373301535135,61,2.2833369,beyond
mexico,07048,-93.19007803700298,17.604968248835178,296,2.931654,beyond
mexico,07049,-92.7148153010076,16.88455343174556,117,2.8169463,beyond
mexico,07050,-91.72101338175875,17.687750115886903,60,2.1564033,beyond
mexico,07051,-92.89553449285252,15.442387830128807,384,2.1377304,beyond
mexico,07052,-91.98638413945795,16.314254635861257,395,2.5258431,beyond
mexico,07053,-92.18847173993753,15.388343329370004,31,2.6406634,beyond
mexico,07054,-92.46043236485585,14.871696342588463,231,2.1755526,beyond
mexico,07055,-92.19016059205906,14.835008295006592,81,1.9159757,beyond
mexico,07056,-92.62904308848374,16.862909157153016,28,2.1257908,beyond
mexico,07057,-92.24674492380147,15.368262345550264,277,2.117834,beyond
mexico,07058,-92.58294900213157,16.438121697527155,65,2.8812315,beyond
mexico,07059,-91.26221212818982,16.818944936817143,112,3.9888399,train
mexico,07060,-93.16423378684216,17.225858793114007,25,2.9428675,beyond
mexico,07061,-93.37702448567119,16.760956667939507,366,1.9393644,beyond
mexico,07062,-93.33589386450093,17.40927526260876,56,1.7792997,beyond
mexico,07063,-93.09016800826112,16.935214920710422,82,1.121868,beyond
mexico,07064,-92.34398423416634,16.784000930105016,147,2.506109,beyond
mexico,07065,-91.98696191557633,17.522877104733166,724,1.8518884,beyond
mexico,07066,-92.47070676735869,17.00577164028771,57,2.6764371,beyond
mexico,07067,-93.04793095219777,17.189312927246746,87,3.3058858,beyond
mexico,07068,-93.11130847254958,17.515340328553325,188,2.1794043,beyond
mexico,07069,-93.21110973662636,15.684846233102256,266,2.024537,beyond
mexico,07070,-92.27996273353033,15.457542875266995,35,3.3957057,beyond
mexico,07071,-92.57310536801926,15.217444601529628,352,2.033415,beyond
mexico,07072,-92.89708898114088,17.159654105204734,181,2.9949884,beyond
mexico,07073,-93.01049405727547,17.199742554279172,200,3.2168555,beyond
mexico,07074,-93.15751767050655,17.865277640810955,433,2.0514793,beyond
mexico,07075,-92.37097030812389,16.364993942628846,224,2.7599227,beyond
mexico,07076,-92.55318425390072,17.284317151664343,26,2.4872184,beyond
mexico,07077,-92.3379067659315,17.554111468413808,139,2.5732584,beyond
mexico,07078,-92.64540184903811,16.73719411060559,1132,1.7096517,train
mexico,07079,-93.20990690788693,16.869514118325412,94,2.3882194,beyond
mexico,07080,-92.32312430682725,15.55614701206243,40,2.2079859,beyond
mexico,07081,-92.71071246353044,17.138032604714674,196,2.9340782,beyond
mexico,07082,-92.30713332025256,17.02512821422138,42,3.9358058,beyond
mexico,07083,-92.35053764959564,16.243682322682407,69,2.6333675,beyond
mexico,07084,-93.03269662199443,17.428557732270303,37,2.2977326,beyond
mexico,07085,-92.9242919625344,16.890095747797393,57,2.1643536,beyond
mexico,07086,-93.10083131335458,16.62389966586319,264,1.9564646,beyond
mexico,07087,-92.15348978116117,14.67894016525669,166,1.9049957,beyond
mexico,07088,-93.24308714179982,17.491273309672227,21,3.4102116,beyond
mexico,07089,-92.26984022946176,14.903229553718171,1842,1.2012525,beyond
mexico,07090,-93.1050355784422,17.19057953932731,32,2.5928428,beyond
mexico,07091,-93.01655803872366,17.244722099681965,284,2.9093595,beyond
mexico,07092,-93.31055770459234,17.137373833033937,53,3.850241,beyond
mexico,07093,-92.50758862918161,16.819446002238937,48,2.402714,beyond
mexico,07094,-92.47770011212151,16.543203685860135,566,2.115151,beyond
mexico,07096,-92.42754770071305,17.272426115730237,195,2.8468926,beyond
mexico,07097,-93.75999745163186,16.089113666372295,397,1.975552,expansion
mexico,07098,-92.67841785750366,16.544150692128095,57,3.0794647,beyond
mexico,07099,-92.04866188067791,16.12502885328214,475,2.590506,expansion
mexico,07100,-92.32212507657752,17.270781757307926,53,2.836845,beyond
mexico,07101,-93.13767135769022,16.743135138427654,5197,1.3321818,train
mexico,07102,-92.16728101225215,14.936613231130918,215,2.214603,beyond
mexico,07103,-92.42714593933613,15.139150139490695,145,3.2063427,beyond
mexico,07104,-92.19326230148106,16.18488740677336,237,3.0745742,val
mexico,07105,-92.0964234740512,15.039973457672492,150,2.2955537,beyond
mexico,07106,-92.49636037968378,16.395831334773206,151,2.9043846,beyond
mexico,07107,-93.26668680720209,16.184812525743094,114,2.6146255,train
mexico,07108,-93.26131720461754,16.236195267305302,499,2.0221179,train
mexico,07109,-92.33269254824582,17.174226330248228,143,3.2926712,beyond
mexico,07110,-92.7181608952508,16.61349499509328,101,2.834187,beyond
mexico,07111,-92.71541950649316,16.758866717385782,144,3.9196765,train
mexico,07112,-92.37243037727232,16.887234329191557,236,2.8405535,beyond
mexico,07113,-92.68806789360096,16.915439029651463,102,2.6012373,beyond
mexico,07114,-90.65423826230844,16.515868675538695,141,1.9589963,beyond
mexico,07115,-91.29379178587988,16.141781879308745,45,2.8977535,beyond
mexico,07116,-90.7659547384657,16.33215794379317,55,2.2502134,beyond
mexico,07117,-92.62053872020903,15.692832756459932,49,2.310422,beyond
mexico,07119,-92.71483308922919,16.9401562322562,66,2.2959216,beyond
mexico,07121,-92.9300334299642,17.205409670981908,399,3.614477,beyond
mexico,07122,-93.00086687786072,16.368678193938425,175,1.8526962,beyond
mexico,07123,-92.89689393583792,16.539764286454307,71,2.8771286,beyond
mexico,07124,-93.60653750055225,17.18914705374647,177,1.9555738,beyond
mexico,08001,-106.5155302699893,30.61653695283441,207,1.8279469,beyond
mexico,08002,-105.98542514562449,28.753520349238684,89,1.4985492,train
mexico,08003,-105.39472728897987,26.937001109612936,202,1.9930916,beyond
mexico,08004,-105.9296525516881,28.616215169626397,110,2.0109582,train
mexico,08005,-107.99803041742324,31.09056918729516,299,2.119421,expansion
mexico,08006,-107.25615273210472,28.77507795549758,326,2.0059652,beyond
mexico,08007,-106.3505088817526,26.95070288279516,51,2.3643417,beyond
mexico,08008,-107.73537075145204,27.029969399637825,26,2.673691,beyond
mexico,08009,-107.60739217673488,27.97403622479265,106,2.8241901,expansion
mexico,08010,-107.46806746348506,29.851703788480332,299,1.9986311,expansion
mexico,08011,-105.16698741721278,27.67736634520759,453,1.3203287,expansion
mexico,08012,-107.0511821502532,27.916432459039683,163,2.3847237,beyond
mexico,08014,-105.15972123561464,26.737900631366085,28,2.5150044,beyond
mexico,08015,-105.09350195224401,29.461782682000642,87,2.0850594,beyond
mexico,08016,-105.20778998590333,27.866216971172076,98,2.0457406,beyond
mexico,08017,-106.85599733951561,28.421159987740005,2251,1.6077031,expansion
mexico,08018,-106.83459015714871,28.238602026121058,58,3.403381,beyond
mexico,08019,-106.07311196513281,28.65922166135648,10636,1.1889901,train
mexico,08020,-108.53462987327441,27.394901988918075,33,2.152396,beyond
mexico,08021,-105.46127553958087,28.189316310554993,1363,1.1470362,expansion
mexico,08022,-106.4728883737828,28.151360264587552,88,2.1826298,beyond
mexico,08023,-107.61481612845922,30.114883652780733,54,2.7497272,beyond
mexico,08024,-106.37543662085808,28.341278758850017,222,2.1108053,beyond
mexico,08025,-107.7354367199995,29.360069208048685,237,2.1060648,beyond
mexico,08026,-106.50851283726185,28.247401172892594,63,2.6965017,beyond
mexico,08027,-107.07693148040488,26.828012009569314,84,2.2166991,expansion
mexico,08028,-106.11220650715157,31.38247486583982,133,1.9860215,beyond
mexico,08029,-106.96061638748658,26.088483289077264,84,2.8220465,expansion
mexico,08030,-108.28002469709305,27.27721377584211,45,2.445429,beyond
mexico,08031,-107.48563385468671,28.544226658084213,208,1.8106914,test
mexico,08034,-107.76446821945123,29.645064068805635,207,2.2531126,beyond
mexico,08035,-108.19798894889487,30.88807450562174,128,2.061891,beyond
mexico,08036,-104.91216029931917,27.128029534107146,476,1.3919178,beyond
mexico,08037,-106.42890080988715,31.657489389532618,13130,1.0161624,train
mexico,08038,-105.42911339655394,28.42395784604731,56,2.4474525,beyond
mexico,08039,-105.03393449984141,27.0042801570359,57,1.9737915,beyond
mexico,08040,-108.14304188671197,29.191425443467768,391,2.1706011,test
mexico,08041,-107.99665246595974,27.860239817637325,33,3.5934603,beyond
mexico,08042,-103.91021428235301,29.106830870230525,120,1.766977,beyond
mexico,08043,-107.75568380147206,28.839867156004605,136,2.4071705,beyond
mexico,08044,-105.58479353886125,26.763908155856615,152,2.369756,beyond
mexico,08045,-105.48280798232264,28.274120126776324,520,1.4221311,expansion
mexico,08046,-107.67703613438496,26.674258963749715,26,3.1555226,beyond
mexico,08047,-108.5235153251942,28.151681150355024,40,1.8222901,beyond
mexico,08048,-107.40751923877794,29.223133802546002,313,2.00595,expansion
mexico,08049,-106.73940090586161,27.47017070803952,110,2.0379245,beyond
mexico,08052,-104.41336642164184,29.546565253764363,696,1.824535,expansion
mexico,08053,-106.00882251615064,31.368330894256083,85,2.2344875,beyond
mexico,08054,-106.50649683077053,28.54757994687584,77,2.2902758,beyond
mexico,08055,-105.53692349734251,28.224663013062308,132,1.9767348,expansion
mexico,08056,-106.29361936448029,27.319328222431892,25,2.8630261,beyond
mexico,08057,-106.68675721313282,27.90316698760381,60,1.9756311,beyond
mexico,08058,-105.33403532357046,27.584585743449747,37,2.92737,beyond
mexico,08059,-105.84853009700232,26.861721435467118,131,2.1771853,beyond
mexico,08060,-105.81926860246072,26.805682976310386,126,2.154126,beyond
mexico,08061,-106.10560297873045,27.955937202672256,22,2.3202333,beyond
mexico,08062,-105.29468414284862,28.03049260206689,140,1.739362,beyond
mexico,08063,-107.8313150551052,28.957048422888974,110,2.6540082,beyond
mexico,08064,-106.27450840462231,27.054086078059488,94,2.5030673,beyond
mexico,08065,-107.9163040518057,27.21219262797046,21,2.0458326,beyond
mexico,08066,-108.21680859413816,27.871743458192718,27,2.6584315,beyond
mexico,08067,-105.80606941705385,27.45455297760582,153,2.0506113,beyond
mexico,09002,-99.17782281936915,19.484214711788862,2236,0.39523754,train
mexico,09003,-99.15218874351112,19.32731910176511,7443,0.42123488,train
mexico,09004,-99.29155758358999,19.353700177703104,1262,0.77307194,train
mexico,09005,-99.11463331070183,19.49661113360658,5000,0.7679775,train
mexico,09006,-99.09951760996546,19.395927033665153,2143,0.627771,train
mexico,09007,-99.07302161071665,19.346922637678173,7735,0.8626302,train
mexico,09008,-99.2416992813392,19.310998694873597,2010,0.8641171,train
mexico,09009,-99.09289551396537,19.194989127465387,135,1.3962547,train
mexico,09010,-99.2218821417522,19.352825285989514,6549,0.5438451,train
mexico,09011,-99.03355100722356,19.291443990142934,1162,1.1693205,train
mexico,09012,-99.18219475743969,19.272268022064665,7896,0.8382156,train
mexico,09013,-99.10568963957127,19.26091900366903,3826,1.0297289,train
mexico,09014,-99.16063981628427,19.38075500212027,4031,0.06643656,train
mexico,09015,-99.14975260997691,19.42864450879704,3221,0.35911343,train
mexico,09016,-99.20044518196133,19.42852688377704,3519,0.31313127,train
mexico,09017,-99.09959800163602,19.427466105500702,2497,0.57101816,train
mexico,10001,-104.77422877128232,24.52304621779708,197,2.079188,beyond
mexico,10002,-106.54807051309206,25.12490524702949,37,3.9218225,beyond
mexico,10003,-104.77078281705671,24.979962759288593,24,2.9833632,beyond
mexico,10004,-103.69974162346116,24.873295973683625,109,1.7331244,expansion
mexico,10005,-104.65061345806967,24.026989104305574,4495,1.1671818,train
mexico,10006,-103.22723895743687,24.686150661803715,26,1.9843026,beyond
mexico,10007,-103.49026723878654,25.583910827288204,4175,1.0938522,train
mexico,10008,-104.12457602178823,24.44534257172003,183,1.5601108,expansion
mexico,10009,-105.95466122660889,25.934428288204963,65,2.9719465,beyond
mexico,10010,-104.91510216219078,26.247644444435895,40,1.941232,beyond
mexico,10011,-105.22283217588716,25.913120684277843,22,2.4040449,beyond
mexico,10012,-103.53833194178029,25.532729671045697,2076,1.3762275,train
mexico,10013,-103.6257240165237,25.896016005483467,82,1.9612323,train
mexico,10014,-104.39345765867337,23.473478688639943,78,1.9367032,beyond
mexico,10015,-104.11404156539749,25.22478146551146,65,1.813241,expansion
mexico,10016,-104.23976681134545,23.84419039101254,179,1.8705357,beyond
mexico,10017,-105.39344413976195,26.399734192749445,160,2.6932683,beyond
mexico,10018,-105.37151881156501,25.95888537136743,94,1.516864,expansion
mexico,10019,-105.99489857804942,24.70029082448604,28,2.5605197,beyond
mexico,10020,-104.31865693390299,24.400809476211297,85,2.2090917,beyond
mexico,10021,-104.03414851839429,24.79094957174764,344,2.1867962,beyond
mexico,10022,-104.04751017371898,23.973626440307342,145,1.8592596,beyond
mexico,10023,-105.36050277784193,23.780524570288023,320,1.9013468,train
mexico,10024,-104.5609088133515,25.176787846152266,134,1.6754271,beyond
mexico,10025,-105.52578380603003,26.00149356443344,36,2.3029578,beyond
mexico,10026,-105.9287814151805,24.104160820112366,67,1.3986282,beyond
mexico,10027,-102.77854086276834,24.632228711931678,63,1.7309536,beyond
mexico,10028,-104.46272657603934,24.782511906392596,169,1.9655238,beyond
mexico,10029,-104.27714162584685,25.415624164343388,75,2.7905414,beyond
mexico,10030,-104.29190874245631,25.564685178273635,26,1.9962186,beyond
mexico,10031,-103.35951382627333,24.47676946558576,154,2.4000847,beyond
mexico,10032,-105.42226485434945,25.04772552225788,379,1.5892742,expansion
mexico,10033,-103.92426686387022,23.621984039686406,154,2.0436711,beyond
mexico,10034,-106.96589365832695,24.966079733485184,45,1.9331475,beyond
mexico,10035,-105.72369864606553,25.337200106315052,162,2.112538,beyond
mexico,10036,-103.44129432849667,26.10635773974422,171,2.1825922,beyond
mexico,10037,-106.5696409160789,25.2122546007511,57,2.430558,beyond
mexico,10038,-103.98558386928906,23.736982715491344,159,1.7268959,expansion
mexico,10039,-105.07517972329485,24.893325458478785,106,1.762503,expansion
mexico,11001,-101.516553640101,20.650858139898375,59,2.572456,test
mexico,11002,-100.71490305741364,20.03252744034778,655,1.8332113,val
mexico,11003,-100.75025739965521,20.912523028306044,945,1.2116021,expansion
mexico,11004,-100.62285542970395,20.456631412449457,286,1.8508158,train
mexico,11005,-100.6686270746253,20.524727469429187,238,1.8107835,train
mexico,11007,-100.81190560260082,20.534554959554068,3107,1.0353087,train
mexico,11008,-101.95023389900855,20.728694090439653,230,1.929861,beyond
mexico,11009,-100.75511459613081,20.692771561231275,368,1.877823,train
mexico,11010,-100.36818279397997,20.201798043553584,123,2.2323778,beyond
mexico,11011,-100.95858359258597,20.479398378631814,400,1.4469386,expansion
mexico,11012,-101.67817958676424,20.62426402696613,106,1.7307341,expansion
mexico,11013,-100.3208884096563,21.141248199937035,127,1.8180007,beyond
mexico,11014,-100.9313908462961,21.158321171625463,520,1.4355823,expansion
mexico,11015,-101.2831531332787,20.97332113844748,1305,1.4347855,val
mexico,11016,-101.49715809501468,20.367062616382036,125,2.0684428,beyond
mexico,11017,-101.35494079271693,20.68684160531309,3198,1.0994296,val
mexico,11018,-101.01761769246535,20.304260941235967,50,2.9300385,train
mexico,11019,-100.50781645124746,20.150416872120456,190,1.5947826,beyond
mexico,11020,-101.66479924420379,21.12205539130543,8416,0.98542905,train
mexico,11021,-101.19661666608614,20.125801197671215,674,1.5092231,expansion
mexico,11022,-101.47936609517627,21.64592845157015,121,1.7516427,beyond
mexico,11023,-101.7225378019129,20.430909405765714,374,1.6544039,expansion
mexico,11024,-101.37298934570818,20.52740410993644,46,1.6908818,beyond
mexico,11025,-101.86185440105314,21.031105456215265,376,1.8953786,expansion
mexico,11026,-101.5163008657038,20.870381067654968,144,1.491507,beyond
mexico,11027,-101.27886711344671,20.599242183290713,79,2.5444183,test
mexico,11028,-100.90919497481998,20.22233653600323,748,1.9195217,train
mexico,11029,-100.88260469558784,21.46820982396199,124,1.9849999,beyond
mexico,11030,-101.21490927731654,21.478200581036948,350,1.7845689,train
mexico,11031,-101.83842651264818,21.01287595602911,748,1.5946181,train
mexico,11032,-100.39084392550402,21.002858935585195,182,1.1109217,expansion
mexico,11033,-100.50634186938633,21.284515746638153,631,1.9682757,train
mexico,11034,-100.07225659231545,21.142137363218318,37,2.6118267,beyond
mexico,11035,-100.97972768756213,20.643760960572806,290,1.9713322,train
mexico,11036,-100.99325936969765,20.175324903121663,56,2.0013502,train
mexico,11037,-101.42865676406294,20.917421142360006,85,1.9531088,val
mexico,11038,-100.52155283504418,20.00351631919227,108,1.993235,beyond
mexico,11039,-100.77909498850435,20.288836299924434,112,2.2643983,expansion
mexico,11040,-100.16097641784668,21.099005345157547,58,2.0396078,beyond
mexico,11041,-101.17394629968373,20.140206240699317,1124,1.6659911,expansion
mexico,11042,-101.20395535585651,20.39981800821573,347,1.6868448,train
mexico,11043,-100.21763224577923,21.211196333949555,58,2.216483,beyond
mexico,11044,-100.9756983660462,20.524665706422322,248,1.6404122,train
mexico,11045,-100.05637551545401,21.29930901379484,33,1.9176255,beyond
mexico,11046,-101.11266514907118,20.20788093053436,384,1.9218305,train
mexico,12001,-99.84140095206195,16.849431134560508,5687,1.6423634,train
mexico,12002,-98.93356418417821,17.714190438015187,41,2.767881,beyond
mexico,12003,-100.56740142490261,18.248402809448528,439,2.1063654,beyond
mexico,12004,-98.38448630835147,17.46151029871782,44,2.781153,beyond
mexico,12005,-98.51025103894652,17.672590536588334,125,2.964206,beyond
mexico,12006,-99.93270079109037,18.13258491513853,112,2.5750458,beyond
mexico,12007,-100.2871837629321,18.320555129389792,228,2.045414,expansion
mexico,12008,-99.108262303311,18.105083357975836,52,2.0444367,beyond
mexico,12009,-98.60424095826743,17.311753266684175,39,3.0056396,beyond
mexico,12010,-98.94042655913216,17.56565879904659,65,3.7260628,beyond
mexico,12011,-100.43928165040145,17.20455222024357,260,2.2617683,expansion
mexico,12012,-99.09765995800866,16.967474337507785,170,1.7733034,beyond
mexico,12013,-98.60155901517956,16.732794722642996,75,2.5550678,beyond
mexico,12014,-100.47022240525378,17.1382687162838,102,2.4365084,beyond
mexico,12015,-99.41367507724686,18.45961357778985,174,1.8217099,beyond
mexico,12016,-101.73386121410316,18.31500328268072,38,2.1154954,beyond
mexico,12017,-99.66406878966265,18.222695536242053,255,2.1463013,beyond
mexico,12018,-98.97357626987744,16.604499465761407,163,2.8364725,beyond
mexico,12019,-99.03991332911266,18.036520873112636,128,3.1728125,beyond
mexico,12020,-98.71242922897088,17.464269838889123,36,2.5846188,beyond
mexico,12021,-99.97259737557837,16.961863949267343,77,2.969821,train
mexico,12022,-100.67803202001612,18.312019264793072,481,2.3530107,beyond
mexico,12023,-98.4111597744817,16.471583535857373,252,2.3146267,beyond
mexico,12024,-98.65930591980857,17.742530321932787,47,3.2354298,beyond
mexico,12025,-99.00218573354218,16.749861950208928,59,3.2132015,beyond
mexico,12026,-99.83054471262051,18.134067998424385,50,1.9660338,beyond
mexico,12027,-100.58089347048892,18.465481173352874,175,2.5581787,beyond
mexico,12028,-99.16315109068583,17.61172653215761,620,2.5587833,train
mexico,12029,-99.49896463482702,17.539528250041737,1740,1.6431328,train
mexico,12030,-99.12710493972953,16.7221049232838,157,2.2216291,beyond
mexico,12031,-100.07403978033776,18.41947923891246,33,1.6539421,beyond
mexico,12032,-99.98000521882126,17.787868297694484,95,2.1958606,beyond
mexico,12033,-98.56374424898092,17.804653420625662,117,2.2705624,beyond
mexico,12034,-99.33813969269796,18.307979053219782,110,2.4166653,expansion
mexico,12035,-99.52678678352721,18.338286335432926,1183,1.698064,test
mexico,12036,-98.47707487296307,16.743806350429153,50,3.0548303,expansion
mexico,12037,-99.7905352801981,18.50171764314768,59,2.0936384,beyond
mexico,12038,-101.5851057308329,17.669107366140608,1051,1.8140342,train
mexico,12039,-99.52799238421946,17.166731642350765,148,2.7285063,beyond
mexico,12040,-99.67617350326567,17.655795803402548,168,2.6052353,beyond
mexico,12041,-98.67105350192641,17.243906849491257,22,2.6698225,beyond
mexico,12042,-99.32753275442536,17.740805562817833,52,2.4121747,beyond
mexico,12043,-98.40712509286458,17.19501284689625,102,2.6167917,beyond
mexico,12044,-99.37064024756032,17.470560637859325,83,2.382135,beyond
mexico,12045,-98.73974818000963,17.779375193486,154,1.9138591,beyond
mexico,12046,-98.41400724929333,16.693814989458215,367,2.4700143,expansion
mexico,12047,-99.88748974758717,18.510768792407273,28,2.7363625,beyond
mexico,12048,-101.29308522119425,17.549318973582633,478,2.2060604,expansion
mexico,12049,-99.67398366250839,18.74640971062075,85,1.8597138,beyond
mexico,12050,-100.65962664233611,18.343071685217712,869,1.8878373,beyond
mexico,12051,-99.24309674473172,17.40969223655586,79,2.2740574,beyond
mexico,12052,-98.7096717421067,16.808265011879918,282,2.552592,beyond
mexico,12053,-99.38707082161157,16.795338282809894,171,2.6879368,beyond
mexico,12054,-100.38897861299749,18.156845352642218,135,2.2660313,beyond
mexico,12055,-99.59973810077412,18.54693529251336,590,2.0218608,train
mexico,12056,-99.25969620112207,16.988046214215935,69,3.1891804,beyond
mexico,12057,-100.6382597165136,17.22215769516224,155,2.361258,train
mexico,12058,-99.86746737950422,18.36680486667257,349,2.0266366,expansion
mexico,12059,-99.4654646628045,18.28520074389256,217,1.9206456,test
mexico,12060,-99.64863710371559,18.64704944448476,47,2.8486123,beyond
mexico,12061,-99.40045748666894,17.565825320726958,230,1.8321102,beyond
mexico,12062,-98.30053696643567,16.809932660103136,71,2.9890172,beyond
mexico,12063,-98.74895731165795,17.26564681251763,32,3.6883388,beyond
mexico,12064,-100.4773699434938,18.410049674583835,139,2.6591303,beyond
mexico,12065,-98.36893273748385,17.57686293725471,62,3.0006645,beyond
mexico,12066,-98.57577068333563,17.543291104803295,424,2.5255497,expansion
mexico,12067,-100.53929684998545,18.243647660134656,235,2.3530324,beyond
mexico,12068,-101.80605932507622,17.985187740618915,71,2.5695205,beyond
mexico,12069,-98.60662828234858,17.466952039488866,81,3.17081,beyond
mexico,12070,-98.48880544125059,17.904811488337852,96,2.3394558,beyond
mexico,12071,-98.24387911479738,16.793958859664652,100,3.2070417,beyond
mexico,12072,-98.7808789632588,17.42398372639394,32,3.7786553,beyond
mexico,12073,-100.9811097797329,18.474000769013365,115,2.3733757,beyond
mexico,12074,-99.20505130913331,17.679226036576683,138,3.7945075,train
mexico,12075,-99.52872678720192,17.647406186433432,283,2.193201,train
mexico,12076,-98.90416413981583,17.328412995045305,107,3.3043659,beyond
mexico,12077,-98.81427428510946,16.587946149366655,86,2.1499393,beyond
mexico,12078,-98.45777363207499,17.19334452632651,50,2.1215494,beyond
mexico,12079,-99.02708998613043,17.45187778091316,38,1.5401951,beyond
mexico,12080,-98.63634452018474,16.626483705791387,113,2.4950216,beyond
mexico,13002,-98.17494624741369,20.144556465886502,880,2.4871933,beyond
mexico,13003,-98.96157152697045,20.25391909540968,4131,2.1086016,beyond
mexico,13004,-98.35932021213915,20.346790901842017,86,2.3689287,beyond
mexico,13005,-99.07624270386972,20.150548447083064,1608,2.4153743,beyond
mexico,13006,-99.34984998933173,20.406440953219583,70,1.4919175,beyond
mexico,13007,-98.40397272281491,19.702570065061277,216,2.6327229,beyond
mexico,13008,-98.45852210976552,19.705512081246283,449,1.908174,beyond
mexico,13009,-98.91234927378973,20.230925741236724,697,2.2983809,beyond
mexico,13010,-99.22722665596889,20.053295324545378,1228,1.7379214,expansion
mexico,13011,-98.34536816406086,21.021309302241956,75,2.9646056,beyond
mexico,13012,-98.66283655092607,20.285975345791908,202,1.9148802,beyond
mexico,13013,-99.2390189687191,19.990298231709783,1478,1.6639943,expansion
mexico,13014,-98.58835143881046,20.89803000359317,92,2.5511222,beyond
mexico,13015,-99.11614678473516,20.613765815303598,27,2.7290976,beyond
mexico,13016,-98.32178464913464,20.044948523325726,384,1.9266162,expansion
mexico,13017,-99.41487392760241,20.288046726534834,177,2.060078,beyond
mexico,13018,-98.90349097051248,21.157563157904992,44,3.0719988,beyond
mexico,13019,-99.23837270071803,20.28380623078853,318,1.870457,beyond
mexico,13020,-98.81062953359432,20.743553072994413,358,2.0549562,beyond
mexico,13021,-98.54447505204115,19.65529872792685,93,2.276727,beyond
mexico,13022,-98.6380604127553,20.016249343388996,87,1.9072299,beyond
mexico,13023,-99.04525113816898,20.235192981544007,2224,2.3733826,beyond
mexico,13024,-98.57557165826476,20.203897015739866,25,1.5768867,beyond
mexico,13025,-98.28745398276855,21.03213438816192,85,2.482933,beyond
mexico,13027,-98.05586060781629,20.458896922745975,29,2.791914,beyond
mexico,13028,-98.44405673019756,21.13473683614962,421,2.0385592,expansion
mexico,13029,-99.81019425067832,20.3833685601296,243,2.112999,beyond
mexico,13030,-99.220790077937,20.472219092087673,1255,1.9951335,beyond
mexico,13031,-99.19029528131746,21.006953981696554,111,3.2794867,beyond
mexico,13032,-98.5395371378446,21.132278935503045,57,3.008231,beyond
mexico,13033,-98.83131477332562,20.782650145085775,212,3.3999193,beyond
mexico,13034,-98.71676314756685,20.844693030098533,74,3.6618187,beyond
mexico,13035,-98.31812899801461,20.239504291511768,72,2.2734275,beyond
mexico,13036,-98.63686995836807,20.532914148469583,53,1.5548692,beyond
mexico,13037,-98.76375457465761,20.594019746035087,79,2.3199377,beyond
mexico,13038,-98.73088671178708,20.21359822881098,36,1.9267739,beyond
mexico,13039,-98.6790266996256,20.141433960211472,368,1.735905,train
mexico,13041,-99.21750386876914,20.22560376829144,1631,1.8669394,beyond
mexico,13042,-98.73000950239624,20.78905174153892,386,2.8517213,beyond
mexico,13044,-99.64731221176952,20.25002214232894,57,1.7861321,beyond
mexico,13045,-98.64823659358971,20.169144494901282,41,2.086082,beyond
mexico,13046,-98.6368278540696,21.167853732294077,220,2.680579,beyond
mexico,13047,-99.29526120478249,21.05032252003979,32,2.6466503,beyond
mexico,13048,-98.77287609452277,20.093819607644942,5086,0.9089512,train
mexico,13049,-99.00584584451755,21.194754298138204,28,2.7281432,beyond
mexico,13050,-99.18895403927182,20.254596095867935,910,1.9155139,beyond
mexico,13051,-98.71797619982073,20.080648774012452,2541,0.9912896,train
mexico,13052,-98.85198267664369,20.127513006215384,696,2.1186972,train
mexico,13053,-98.20258407429935,20.397751515114646,40,3.057481,beyond
mexico,13054,-99.00055160921374,20.26938671100486,1382,2.1080613,beyond
mexico,13055,-98.96626671127436,20.38264852137261,431,2.7621925,beyond
mexico,13056,-98.36952357580824,20.048112520126363,332,1.5516058,expansion
mexico,13057,-98.518263873857,19.96981906482796,104,1.4930586,beyond
mexico,13058,-99.3118983481496,20.55053711573243,166,1.5501007,beyond
mexico,13059,-99.64383621613871,20.53545650177781,254,1.761281,beyond
mexico,13060,-98.22644144107532,20.33877803825959,26,3.0669649,beyond
mexico,13061,-98.56915422676181,19.77937841014744,324,1.4394908,expansion
mexico,13063,-99.32990675504408,19.920280155104752,1206,1.9565957,expansion
mexico,13064,-99.38146374665628,20.187411792928728,52,2.5708723,beyond
mexico,13065,-99.15107225400122,20.102111814364328,806,2.2212825,beyond
mexico,13066,-98.81834618059789,19.883488701120662,171,2.0439103,beyond
mexico,13067,-99.27542035820264,20.17780481819375,2072,2.0026019,beyond
mexico,13068,-98.63053152062203,20.72688711552883,40,2.1216934,beyond
mexico,13069,-98.96438713327747,19.84882559461935,1528,1.4379023,expansion
mexico,13070,-99.21500613041074,20.130071695311376,301,2.0485086,beyond
mexico,13072,-98.60036908534698,19.81467285853923,117,1.5152149,expansion
mexico,13073,-98.65999276691893,20.990742098378014,64,2.4475803,beyond
mexico,13074,-99.22175097620891,20.096186103883902,714,2.2884045,beyond
mexico,13075,-98.93110827842816,19.893445429185398,40,1.5445707,expansion
mexico,13076,-99.32270877290054,20.03345128234262,2455,1.4449453,expansion
mexico,13077,-98.35295734099107,20.11412053886697,2017,1.8519638,beyond
mexico,13078,-98.28606152538599,20.8338792162638,22,2.3784988,beyond
mexico,13079,-98.68356336554082,20.776265293284684,104,2.8051634,beyond
mexico,13080,-98.382916251755,20.91336656455702,64,3.41134,beyond
mexico,13081,-98.65387946570452,20.648763694885336,289,1.8108037,beyond
mexico,13082,-98.84092081522212,20.02566615424769,239,2.0357518,train
mexico,13083,-98.7929715417144,20.01070203803324,475,0.7137237,train
mexico,13084,-99.38237353872988,20.740263342175346,276,1.7652311,beyond
mexico,14001,-102.90726626307544,20.76723390311319,211,2.0111296,beyond
mexico,14002,-103.61118586018178,20.426024249563838,369,1.7105163,beyond
mexico,14003,-103.96815494852935,20.691517762924278,221,2.0228283,beyond
mexico,14004,-103.59779919349785,20.00945055772494,123,1.8252095,beyond
mexico,14005,-103.73109175515779,20.834812055879617,112,1.9094222,beyond
mexico,14006,-104.03818269444594,20.539683482653988,351,1.3901812,expansion
mexico,14007,-104.00283872999537,20.79576022063597,112,1.7717358,beyond
mexico,14008,-102.34803181557871,20.707591495101116,348,1.5246404,expansion
mexico,14009,-103.6948159339814,20.76898672562162,47,2.0051806,beyond
mexico,14010,-103.72783106501248,20.138360167195195,154,1.8563071,beyond
mexico,14011,-104.23628775514514,20.273490546623933,91,2.568117,beyond
mexico,14012,-104.4945820830827,20.416200856077356,46,2.3898482,beyond
mexico,14013,-102.51166397426898,20.549702052228284,228,1.7115381,expansion
mexico,14014,-103.51913544387881,20.01035793573246,94,2.0818439,beyond
mexico,14015,-104.36621332914721,19.76978102954994,644,1.2380764,expansion
mexico,14016,-102.33083360345624,20.533811327029632,59,1.9272664,expansion
mexico,14017,-104.34502661545687,20.12940453143993,111,1.9574871,beyond
mexico,14018,-102.54245484374836,20.291916489455037,373,1.6013267,expansion
mexico,14019,-103.78079878206958,21.831682975520113,26,2.0065098,beyond
mexico,14020,-105.32157440908198,20.318937056804266,66,2.5403314,beyond
mexico,14021,-104.4457928242336,19.608022827347877,60,2.0567014,expansion
mexico,14022,-104.57076839732883,19.24040317938774,99,2.382437,expansion
mexico,14023,-103.46886773716516,19.697127798402917,881,1.1935672,expansion
mexico,14024,-103.81415544832211,20.371134436529264,214,1.9512496,beyond
mexico,14025,-103.26492755763832,22.114310522380585,260,1.7623051,beyond
mexico,14026,-103.25871279183629,19.978555967633202,83,2.2901726,beyond
mexico,14027,-104.35910580787431,19.45174922319256,55,2.5159016,beyond
mexico,14028,-104.40803242578119,20.20160335804507,78,2.043557,beyond
mexico,14029,-103.02568013409135,20.927912524222474,91,2.125804,beyond
mexico,14030,-103.21748241995573,20.311458601639558,721,1.4076279,expansion
mexico,14032,-103.86174138175316,20.087335621942586,101,2.9597123,beyond
mexico,14033,-102.13759167422391,20.447138308926938,200,1.7347631,beyond
mexico,14034,-104.16217396613926,19.905330140100492,36,2.014521,beyond
mexico,14035,-102.23788045128686,21.527873831943168,173,1.7241057,expansion
mexico,14036,-104.0781269939773,20.768380353911187,138,1.4655604,beyond
mexico,14037,-104.2159376194568,19.806332888370097,288,1.7816283,beyond
mexico,14038,-104.379882092888,20.576167079813395,47,2.4390838,beyond
mexico,14039,-103.32616795862191,20.672806427392924,7048,0.71815044,train
mexico,14040,-104.05064614945074,21.058119667410924,51,1.7252603,beyond
mexico,14041,-103.21058387042147,22.363033521498647,125,1.8506504,beyond
mexico,14042,-103.89521075128266,22.629826533363342,121,1.910492,beyond
mexico,14043,-104.6423269067735,19.48456794430313,168,2.2857165,beyond
mexico,14044,-103.18943693624573,20.37637359694243,425,1.7983693,expansion
mexico,14045,-103.24227087207477,20.86338770196225,106,1.2796885,beyond
mexico,14046,-102.47060015623582,21.170826204417978,49,1.8642094,expansion
mexico,14047,-102.70962310225437,20.295169627918675,125,1.6858222,beyond
mexico,14048,-102.21977914126384,20.60878576577198,101,2.042021,beyond
mexico,14049,-103.01964032531325,19.369571134171412,40,3.3622208,beyond
mexico,14050,-103.40256937797321,20.292603495790377,557,1.8567187,expansion
mexico,14051,-103.15822894955217,20.527828075976327,154,1.8536044,train
mexico,14052,-104.09882253761333,20.084115534741223,66,2.1461203,beyond
mexico,14054,-104.15573927678388,19.82366007205354,197,1.9412842,beyond
mexico,14055,-103.97659141243503,20.910456986570384,163,1.8608612,beyond
mexico,14057,-103.1554626365895,20.004108056864066,49,2.7305896,beyond
mexico,14058,-104.79091555899434,20.52751432685877,132,1.9025346,beyond
mexico,14059,-103.02038307866664,19.917694952564513,173,1.5401454,beyond
mexico,14060,-102.77750384224737,21.265230556380097,70,2.168346,beyond
mexico,14061,-103.72791136863225,22.388671525601737,48,2.0153387,beyond
mexico,14062,-104.41065602309578,20.44049795040379,74,2.415116,beyond
mexico,14063,-102.76904586573097,20.342034226609172,912,1.3950251,beyond
mexico,14064,-101.60120657620635,21.870274315472777,237,1.8408917,beyond
mexico,14065,-103.38071907234365,19.252428973981743,133,2.138212,beyond
mexico,14066,-102.7864692769143,20.338946597175738,68,1.4147137,expansion
mexico,14067,-105.22345304744941,20.661831110251423,2207,1.3279977,train
mexico,14068,-104.60566170537096,19.713952020216944,111,2.2746687,beyond
mexico,14069,-102.8757454765093,19.92662840390395,45,2.185337,beyond
mexico,14070,-103.27991461250474,20.550933583535677,3256,1.6265327,train
mexico,14072,-101.99441969204878,20.995475818301653,103,1.8922429,beyond
mexico,14073,-102.33090007515504,21.25268636742706,315,1.6465296,expansion
mexico,14074,-102.17869989803616,21.00621301284828,283,1.5718536,beyond
mexico,14075,-104.19749449845591,20.789885691329744,73,2.6017962,beyond
mexico,14076,-103.81477828679692,21.682018744143356,33,2.390788,beyond
mexico,14077,-103.90939055952094,20.42210688741026,264,1.9581838,beyond
mexico,14078,-102.4009895914084,21.032352161411072,283,1.7404124,expansion
mexico,14079,-103.47427963475172,19.805870092116074,186,1.9634608,beyond
mexico,14080,-104.85256798298654,20.761465362632528,29,2.5513706,beyond
mexico,14081,-103.2250504616506,22.178337930908523,96,2.2680109,beyond
mexico,14082,-103.5947248627033,19.88546537485997,182,1.4390395,expansion
mexico,14083,-103.70788591325635,20.667593774711438,431,1.6930363,expansion
mexico,14084,-104.82065507820488,20.383776795498544,135,2.1536686,beyond
mexico,14085,-103.24458728175205,19.68357302655788,260,1.2595241,expansion
mexico,14086,-103.75826607558496,19.945417044331005,145,2.2370815,beyond
mexico,14087,-103.30655948748489,19.469503051995034,147,1.8092495,beyond
mexico,14088,-104.04621289900189,20.20110580230764,223,1.6694388,beyond
mexico,14089,-103.55325108160007,20.073994357309203,70,2.3942869,beyond
mexico,14090,-104.16342859421991,20.215308837057222,118,1.9231391,beyond
mexico,14091,-102.57558569186405,21.434842642598962,141,1.751006,expansion
mexico,14092,-103.3791388151173,20.09359649738976,81,1.5094023,beyond
mexico,14093,-102.77084257819097,20.81475712186723,900,1.1789143,expansion
mexico,14094,-103.83643776492852,20.887196584090283,115,1.1967727,expansion
mexico,14095,-103.84891520109365,20.68540696188561,52,2.5635068,beyond
mexico,14096,-103.03807353828694,20.160904150728495,234,2.0107105,beyond
mexico,14097,-103.41473441166094,20.527817272633083,6447,1.1911979,train
mexico,14098,-103.34035199732348,20.59595965521446,6890,1.1382731,train
mexico,14099,-103.91324884580767,19.600420024174003,37,1.9707134,beyond
mexico,14100,-105.25165343600042,19.935895682542775,68,1.7118824,expansion
mexico,14101,-103.24052882266368,20.629035073300876,4679,1.1246641,train
mexico,14102,-103.97062774352055,19.786018683741933,73,2.043033,beyond
mexico,14103,-103.53428558275529,19.42276657582976,102,2.1535587,beyond
mexico,14104,-103.44377997906618,21.929214150665516,53,2.4181468,beyond
mexico,14105,-102.79300348712326,20.54108679854646,133,1.9490272,beyond
mexico,14106,-103.98469671157173,19.697308364871127,33,2.7895815,beyond
mexico,14107,-103.18478666319308,20.154735612794127,26,2.5983865,beyond
mexico,14108,-103.37921207392026,19.557878143240867,249,1.8457342,beyond
mexico,14109,-102.00656408652102,21.12776745303775,135,1.9622972,beyond
mexico,14110,-104.26807458058438,19.955998357340068,133,1.7930881,beyond
mexico,14111,-102.62023564613372,21.010257187444925,60,2.0317054,beyond
mexico,14112,-102.94662355561255,19.93341041041779,92,1.3798429,beyond
mexico,14113,-103.76524268091866,19.744800056392847,116,1.5815434,beyond
mexico,14114,-103.6764637667379,20.411984800670037,272,2.1149914,beyond
mexico,14115,-103.59509086704671,21.981556356193373,94,2.1345239,beyond
mexico,14116,-102.58934343480074,21.678469179543804,107,1.595231,expansion
mexico,14117,-102.68746534154803,21.14853038614428,83,2.2179952,beyond
mexico,14118,-102.88577922421875,21.179871885290478,196,1.7945011,beyond
mexico,14119,-103.56865312883599,20.226519026240116,231,1.8181815,beyond
mexico,14120,-103.41598918859304,20.711506966781798,11131,0.7036271,train
mexico,14121,-103.4290056854451,19.632013914533584,344,1.6943083,expansion
mexico,14122,-103.81214960840175,19.548891614925683,51,3.1575952,beyond
mexico,14123,-102.92507102852296,20.465464349635297,61,2.3131936,beyond
mexico,14124,-103.12274798607409,20.579012442098747,38,1.9366059,train
mexico,14125,-102.53514360901991,20.74318752339662,122,1.67855,beyond
mexico,15001,-99.89404293462641,19.9446686902418,370,2.488991,beyond
mexico,15002,-98.93168280236932,19.62783407114836,1357,1.7731397,val
mexico,15003,-99.82765487379963,20.09859436665313,39,1.9697717,beyond
mexico,15004,-99.89329270664146,18.865762367089655,90,1.7530681,beyond
mexico,15005,-99.75659294890336,19.34860107656635,1265,1.9559715,train
mexico,15006,-99.48672636899566,19.16228832184801,545,1.9029337,beyond
mexico,15007,-100.0197612572954,19.254115887209906,27,1.7751307,beyond
mexico,15008,-100.36794989100873,18.69396818190871,69,2.7538614,beyond
mexico,15009,-98.7684036870536,19.119050231732988,997,2.1606,beyond
mexico,15010,-99.17891325651635,19.966251230571856,278,1.788878,beyond
mexico,15011,-98.93550903849653,19.56910047130055,476,1.7427069,val
mexico,15012,-99.48845136780903,19.176691881585825,644,2.0843565,beyond
mexico,15013,-99.25765509779528,19.566634878469277,5518,0.83432287,train
mexico,15014,-99.85774903976672,19.792353000151476,774,1.9293883,expansion
mexico,15015,-98.78485593282578,19.011129059734795,1313,2.9170578,beyond
mexico,15016,-98.75780926741842,19.78854673796123,558,2.4319978,beyond
mexico,15017,-98.80486775505604,19.128914116429623,166,2.3323143,beyond
mexico,15018,-99.61158321082996,19.177760809245736,1061,2.0452306,beyond
mexico,15019,-99.46168389827932,19.20480025064845,1618,2.123236,beyond
mexico,15020,-99.09778513838322,19.63861349250718,854,0.801387,val
mexico,15021,-99.76688114946282,18.923815543730722,91,1.9261708,beyond
mexico,15022,-98.86358244023859,19.231936434425172,207,1.9700693,beyond
mexico,15023,-99.20416544231063,19.776105884254527,922,1.8497343,train
mexico,15024,-99.16917164735528,19.69280572697629,967,1.0463554,train
mexico,15025,-98.86751219820154,19.253046578453336,4562,1.5200504,beyond
mexico,15026,-99.60275491714636,19.854923587203984,1015,2.2427483,beyond
mexico,15027,-99.55529722220348,19.203884726700014,404,1.9901617,beyond
mexico,15028,-98.88750390140754,19.56359460719915,334,1.7893616,expansion
mexico,15029,-98.90297190623708,19.413398763742702,890,1.4145201,test
mexico,15030,-98.89751358800363,19.56020559596025,209,2.0151854,expansion
mexico,15031,-98.94437783506287,19.41290621786081,3474,1.8729705,test
mexico,15032,-100.13460948547001,19.31609394551097,941,2.2568276,beyond
mexico,15033,-99.04672737467024,19.55385077725965,8525,1.2188907,val
mexico,15034,-98.74861926130335,18.960265764703326,500,3.6298718,beyond
mexico,15035,-99.21296852977684,19.840101841209165,1368,1.6225159,expansion
mexico,15036,-99.06536629890208,19.887719149583585,380,2.3898175,expansion
mexico,15037,-99.28578615645243,19.41025807384394,1158,0.7176496,val
mexico,15038,-99.41620084945701,19.55761563466829,41,2.8760111,beyond
mexico,15039,-98.89064571233686,19.322279713322082,2045,1.4067082,test
mexico,15040,-99.68110365772341,18.843309449398507,852,1.5128139,beyond
mexico,15041,-100.2656107373506,19.26324656882384,20,2.0199676,beyond
mexico,15042,-99.81980129198753,19.618844803448912,5713,2.2664998,beyond
mexico,15043,-99.41873191325004,19.179733073510008,381,1.8146962,beyond
mexico,15044,-99.09294348045727,19.75349950040138,154,1.9971912,expansion
mexico,15045,-99.56153646258007,19.965004301627918,547,1.9346584,beyond
mexico,15046,-99.38202221087899,19.516339379939662,297,1.750337,beyond
mexico,15047,-99.6633565400518,19.597455313736052,360,2.452033,beyond
mexico,15048,-99.8420570453993,19.727958305351688,1087,2.3501017,expansion
mexico,15049,-99.52769778118356,19.085130213468013,306,2.4827693,beyond
mexico,15050,-98.87397163550168,19.097015482385647,133,2.5781467,beyond
mexico,15051,-99.51255762742521,19.29845172554194,1550,1.408051,beyond
mexico,15052,-99.49548302903735,18.946203965148563,326,2.4712698,beyond
mexico,15053,-99.13952983903974,19.70740286063054,303,1.7019166,train
mexico,15054,-99.5828401772064,19.250015436622245,4244,1.2163788,beyond
mexico,15055,-99.58513472949157,19.212924121516156,221,2.0310187,beyond
mexico,15056,-99.64052594110382,19.714566599797784,1142,2.4493365,beyond
mexico,15057,-99.25278443271183,19.4769456778515,5062,0.61923045,val
mexico,15058,-99.02832228098359,19.43165204711863,2679,0.9894105,val
mexico,15059,-99.07188695214091,19.730267668576023,484,1.8454615,val
mexico,15060,-99.31719395995212,19.615784454392458,1602,1.4531194,train
mexico,15061,-98.70969919095067,19.787040402578192,352,1.9921677,beyond
mexico,15062,-99.45536698927955,19.262143492114284,888,1.6826755,beyond
mexico,15063,-99.42140344881496,18.986848144884114,61,1.803537,beyond
mexico,15064,-100.13317704773044,19.80023370855187,111,1.3932354,beyond
mexico,15065,-98.77898492757942,19.693154781195965,1260,2.4135287,beyond
mexico,15066,-100.2972050962742,19.11915086180997,76,2.507487,beyond
mexico,15067,-99.5637933972847,19.412171154761253,330,1.7974471,train
mexico,15068,-98.79556818721534,19.04037235770892,1144,2.2968106,beyond
mexico,15069,-98.8582328417145,19.561002011898587,86,1.1663817,expansion
mexico,15070,-98.95463108371972,19.361520869064854,2253,1.3130205,test
mexico,15071,-99.81570290991199,20.22404883654566,120,1.92379,beyond
mexico,15072,-99.58067612149678,19.143097371246157,414,1.7513422,beyond
mexico,15073,-99.56622060652128,19.16548281662822,691,1.7841622,beyond
mexico,15074,-99.95924568626191,19.63607138375139,3159,2.260876,beyond
mexico,15075,-98.8327823390459,19.704080061584712,410,2.191507,beyond
mexico,15076,-99.53690402300138,19.26274019558792,1866,1.673921,beyond
mexico,15077,-100.00660605661993,19.021820353312087,88,2.2760167,beyond
mexico,15079,-99.53005945885789,20.018057531061505,653,1.8893996,beyond
mexico,15080,-99.96696147286805,18.861746235761952,96,3.2480538,beyond
mexico,15081,-98.99490900052092,19.69788572691805,2934,1.4553643,val
mexico,15082,-100.14765983277904,18.90371440684903,209,1.902105,beyond
mexico,15083,-98.86772846369595,19.205310182132827,273,2.1160583,beyond
mexico,15084,-98.88519876608251,19.808878645585235,585,2.1437275,beyond
mexico,15085,-99.98391562481346,19.835878015012003,90,3.8805993,expansion
mexico,15086,-100.04439474583583,19.045324271075806,80,3.5090756,beyond
mexico,15087,-99.5963693893574,19.44772293353097,390,2.0451944,train
mexico,15088,-99.58758417322413,18.973301711676267,1116,1.9368291,beyond
mexico,15089,-98.85838695774231,19.155017412468165,202,2.7115386,beyond
mexico,15090,-99.58381929945328,19.097644054798536,1421,2.1939747,beyond
mexico,15091,-99.17222146984703,19.75187737531096,1138,1.6658462,train
mexico,15092,-98.86352595938062,19.682107644690404,1173,1.819246,beyond
mexico,15093,-98.83097619294404,19.575266866098755,398,1.956482,expansion
mexico,15094,-98.83183411998367,19.006252449558364,954,2.2019174,beyond
mexico,15095,-99.24112305480594,19.71480235140745,1103,1.4261001,train
mexico,15096,-99.14386821167939,19.90394071119736,973,1.960395,beyond
mexico,15097,-99.94200966504657,18.930877374782316,49,3.331969,beyond
mexico,15098,-99.50089603456614,19.133930533865364,402,1.9769136,beyond
mexico,15099,-98.85899216225856,19.4965376735545,2949,1.6755927,expansion
mexico,15100,-98.94189604683373,19.59817984446102,342,1.5214051,val
mexico,15101,-99.47494858313028,19.187096823774066,2713,2.0389647,beyond
mexico,15102,-99.73486235616645,19.875982851273154,42,2.506419,beyond
mexico,15103,-98.7912679509719,19.206117002435885,725,1.8821274,beyond
mexico,15104,-99.1727322358749,19.540081159331436,5926,0.7399128,train
mexico,15105,-100.30550031801246,18.584220542153886,72,2.419953,beyond
mexico,15106,-99.63834649170006,19.31646121560553,8867,1.372405,beyond
mexico,15107,-99.66903360389803,18.80744643104476,198,1.9582579,beyond
mexico,15108,-99.12829042867544,19.668740035019507,729,0.92018974,train
mexico,15109,-99.15546769820071,19.62387914123827,2994,0.9462182,train
mexico,15110,-100.13399963385984,19.175952723109436,654,1.1751084,beyond
mexico,15111,-100.1092917175422,19.402953571268544,221,2.4724543,beyond
mexico,15112,-99.46224745737145,19.72402755354339,387,1.7124053,beyond
mexico,15113,-99.67213761053624,18.965232201616285,1019,2.0422585,beyond
mexico,15114,-99.9964026866031,19.43594798602389,75,1.8312222,beyond
mexico,15115,-99.5229270221197,19.407328633398073,184,1.9737235,train
mexico,15116,-100.25556503867247,19.074184191754043,108,2.1973455,beyond
mexico,15117,-99.77814295532193,18.71937372949219,38,1.9738324,beyond
mexico,15118,-99.7479759496131,19.278366338339087,3096,1.6734259,train
mexico,15119,-99.58094520131132,18.837091372419465,55,3.0820124,beyond
mexico,15120,-99.09311901319155,19.805190907031303,2673,1.7371938,expansion
mexico,15121,-99.21831364328321,19.648466182643592,4286,0.78606844,train
mexico,15122,-98.94509061911864,19.292349031588675,1109,1.3949792,test
mexico,15123,-100.29910053745664,18.919970147430913,79,1.9252521,beyond
mexico,15124,-100.08477197961157,19.621544098196953,281,2.5531719,beyond
mexico,15125,-99.05389625546765,19.685578125236734,97,1.7357203,val
mexico,16001,-101.3358327864339,19.495060512386473,251,1.8946265,beyond
mexico,16002,-102.7882750220121,18.73844853410154,130,2.1060157,beyond
mexico,16003,-101.04298638127916,19.82042877842543,150,2.1093152,beyond
mexico,16004,-101.71376913267204,20.148849803995034,99,2.4873564,beyond
mexico,16005,-100.28899770637109,19.61813140021135,161,1.2905632,beyond
mexico,16006,-102.35280757261462,19.091453226822498,892,1.595246,train
mexico,16007,-100.40806481255191,19.671765357334728,124,2.133001,beyond
mexico,16008,-103.50333662815645,18.597194818709685,36,3.5039992,beyond
mexico,16009,-101.70635453052955,19.207910646831472,242,2.1350195,beyond
mexico,16010,-102.29165777190154,18.358055822730144,166,1.8423837,beyond
mexico,16011,-102.5456303942356,20.27021937766012,271,1.298535,beyond
mexico,16012,-102.57790531788352,19.203506699233294,255,2.4045613,expansion
mexico,16013,-101.12310026996343,19.020703789411627,190,2.5249696,beyond
mexico,16014,-103.66352605764546,18.704319459671844,232,1.9162449,beyond
mexico,16015,-103.16605907581851,18.778975547453527,175,1.8335239,beyond
mexico,16016,-101.57657763937227,19.814431566231033,89,2.3137112,beyond
mexico,16017,-100.16651976415451,19.95096124132623,149,2.7441971,beyond
mexico,16018,-101.21547810623836,19.892226959812515,79,2.090655,beyond
mexico,16019,-102.70034460324837,19.80725854932155,171,2.2549775,beyond
mexico,16020,-101.10890822189056,19.966864970300307,253,2.1852021,beyond
mexico,16021,-102.25102470160245,19.648312943104713,97,2.836973,beyond
mexico,16022,-101.05951044436826,19.743023027394553,83,2.0723312,train
mexico,16023,-102.45989203725401,20.005156513135606,272,1.7952547,beyond
mexico,16024,-101.95437689331675,19.684813372095224,190,2.7414834,expansion
mexico,16025,-102.06532525313295,19.852679135836922,423,2.2345908,beyond
mexico,16026,-103.3687890649556,18.757808221709425,29,2.653612,beyond
mexico,16027,-101.33393617607538,19.90133953933769,58,2.8471136,beyond
mexico,16028,-102.0666791918771,20.149437258978462,100,2.0876675,beyond
mexico,16029,-101.64790620000733,18.663664887037317,178,2.0979054,beyond
mexico,16030,-102.18872994000934,20.17627967528745,119,2.1846588,beyond
mexico,16031,-100.29009690748204,20.138301191637474,59,2.3695304,beyond
mexico,16032,-101.7214932602555,19.587852322295102,73,2.0494852,beyond
mexico,16033,-102.0540857343406,19.158672487750987,342,2.2318199,beyond
mexico,16034,-100.56389160258408,19.686062741630124,943,1.8104157,test
mexico,16035,-101.80560790689067,18.961734971691826,150,1.8292596,beyond
mexico,16036,-101.27588949486946,19.98885793337548,156,1.88887,beyond
mexico,16037,-101.50566081834323,19.899088344769496,83,2.1703632,beyond
mexico,16038,-100.89739368287643,18.631138830483827,445,1.9803874,expansion
mexico,16039,-101.43803318432667,19.54573344121339,102,2.0165155,beyond
mexico,16040,-100.94804092052351,19.79165762641857,271,2.1459453,beyond
mexico,16041,-100.47738070658197,19.699929612575676,103,2.0214696,test
mexico,16042,-102.39136515978458,20.16915527715561,105,2.1382158,beyond
mexico,16043,-102.305084754074,19.94967561802171,476,1.7948993,beyond
mexico,16044,-101.74522831562997,19.92439076583981,128,2.0527105,beyond
mexico,16045,-102.71615339137632,19.99437985292105,589,1.4769014,expansion
mexico,16046,-100.44144211440008,19.297652598991892,68,2.0588806,beyond
mexico,16047,-100.4906340279913,19.460504568336752,81,1.8390305,beyond
mexico,16048,-101.41374367457526,19.563535157871588,206,1.7597512,beyond
mexico,16049,-101.28122938288507,19.390923370799776,65,1.9345036,beyond
mexico,16050,-100.44293069069407,19.89479413969018,726,2.0665917,expansion
mexico,16051,-103.02148203954042,19.99313973885425,173,2.0769055,beyond
mexico,16052,-102.22023148464419,18.001619430070583,1150,1.6070478,train
mexico,16053,-101.19912842904132,19.69861904918035,5294,0.9356277,train
mexico,16054,-101.41249587749144,20.003350543341323,116,2.7790148,beyond
mexico,16055,-102.09869452439999,19.023482303822984,165,2.35604,expansion
mexico,16056,-101.92330433991933,19.64551769768301,184,3.4560766,expansion
mexico,16057,-101.16187482789071,19.042840926416638,233,2.3008513,beyond
mexico,16058,-102.12768227291136,19.41728716366073,125,2.2366638,train
mexico,16059,-101.868021454316,19.166373086082743,26,2.8776126,beyond
mexico,16060,-101.95146867271949,20.25392885948917,46,1.9958628,expansion
mexico,16061,-100.29581695380267,19.56989459079541,327,2.3595414,beyond
mexico,16062,-102.56353280992845,20.12056953220186,146,2.1218915,beyond
mexico,16063,-101.75938585257859,19.983104909994463,185,2.0047672,beyond
mexico,16064,-102.21981036837434,19.146926699010045,84,2.2753575,beyond
mexico,16065,-102.0331433355617,19.6275425629929,86,2.8515093,expansion
mexico,16066,-101.61033137767016,19.518849324230143,481,1.6562344,train
mexico,16067,-101.9338955274533,20.104549179179596,129,2.032577,beyond
mexico,16068,-102.41702683009447,19.523862743782466,211,1.8834866,beyond
mexico,16069,-102.03129468401366,20.3466851408746,893,1.3509374,expansion
mexico,16070,-102.00469375739941,19.90918473457694,454,2.3392148,beyond
mexico,16071,-101.5243886661185,20.08270374001524,448,1.8793164,expansion
mexico,16072,-100.88864038274117,19.80926223099569,284,1.9821786,beyond
mexico,16073,-101.53423846183479,19.66768405129735,195,2.4179325,beyond
mexico,16074,-102.85095488889246,20.11733712748951,111,2.000884,beyond
mexico,16075,-102.47167849321815,19.589716213397885,272,1.629567,expansion
mexico,16076,-102.71844051862183,20.055747172121006,913,1.6610339,expansion
mexico,16077,-100.78607734207839,18.59012886932795,143,2.2876124,beyond
mexico,16078,-101.02256940002489,20.00754423582955,195,2.0452576,beyond
mexico,16079,-101.62723619384768,19.405155720405062,541,2.044288,beyond
mexico,16080,-100.35444517371602,19.734866453177265,77,2.43519,beyond
mexico,16082,-101.46032181690966,19.23674314556441,103,1.904267,expansion
mexico,16083,-102.3631408261836,19.338352355128798,133,1.4326681,beyond
mexico,16084,-102.44329248035126,19.90312063059576,337,2.229097,beyond
mexico,16085,-102.20972679455353,19.889724677189108,177,1.7827902,beyond
mexico,16086,-102.33093637508544,20.28415381002001,293,1.6934749,beyond
mexico,16087,-101.91812960738498,19.33993158111359,187,2.1408393,beyond
mexico,16088,-101.14685152007141,19.790302068969304,344,1.790435,beyond
mexico,16089,-102.85058520319369,19.186306377220415,270,1.9153011,beyond
mexico,16091,-102.48514407784127,19.7378142766794,118,1.8876263,beyond
mexico,16092,-100.73708907312798,18.90390627026492,107,2.889786,beyond
mexico,16093,-100.17430878564578,19.807396159663192,96,1.3949293,beyond
mexico,16094,-102.05894408460631,19.972989856671084,138,2.193644,beyond
mexico,16095,-102.50859190328829,19.675649122036415,205,1.8978564,expansion
mexico,16096,-102.37616300645264,18.524622863510203,77,2.167302,beyond
mexico,16097,-101.51906060566083,19.08821184437598,154,2.5766597,beyond
mexico,16098,-100.46112113177037,19.563749713618748,231,1.7344233,beyond
mexico,16099,-100.57297944885528,19.21078105871651,68,2.2090387,beyond
mexico,16100,-101.5899814280611,19.607642463766247,146,2.9151082,train
mexico,16101,-100.92532079647955,19.586214511492024,27,3.723818,beyond
mexico,16102,-102.0427830581652,19.411737922813675,1877,1.1963756,train
mexico,16103,-102.6575071688237,20.115297082542003,166,1.9884646,beyond
mexico,16104,-102.5995550521704,20.017423280114883,273,2.3465102,beyond
mexico,16105,-102.4793177155999,20.26557033443052,322,2.0613732,beyond
mexico,16106,-102.28714431009223,20.33220860032184,548,1.8545374,beyond
mexico,16107,-101.78231643244371,19.81198192743507,759,1.8193654,train
mexico,16108,-102.28931047427704,20.003747692226238,1159,1.540359,train
mexico,16109,-101.99263025111631,20.174651247355055,174,2.2004895,beyond
mexico,16110,-100.82185331346864,19.8520331529571,427,2.1825418,beyond
mexico,16111,-101.90654066687091,19.421345478744055,232,2.3053071,beyond
mexico,16112,-100.34765593626017,19.432256565155388,812,1.7557787,expansion
mexico,16113,-101.59913318459222,20.29918966813761,144,2.3964,beyond
mexico,17001,-99.36669200071987,18.604178047415452,159,2.057625,expansion
mexico,17002,-98.9314442171904,18.919791938114834,648,0.71975625,expansion
mexico,17003,-98.75499800920664,18.519608753104176,299,2.087318,beyond
mexico,17004,-98.96886538889781,18.769663029902187,750,2.118034,expansion
mexico,17005,-99.43274897962881,18.74542369006778,113,1.5951743,beyond
mexico,17006,-98.94204947666184,18.83442604766177,3212,1.3801858,expansion
mexico,17007,-99.2245862517774,18.928769250108523,7038,0.9443537,expansion
mexico,17008,-99.19627974368098,18.840754064306182,4145,1.5183434,expansion
mexico,17009,-99.25980599274808,19.033978016244625,90,2.0239449,expansion
mexico,17010,-98.78646590472307,18.718962506203955,536,1.8148108,beyond
mexico,17011,-99.17826288517725,18.890005299207907,5530,1.2283204,expansion
mexico,17012,-99.2420447136897,18.596927993303883,1055,1.796168,expansion
mexico,17013,-98.80103473460031,18.68342709929588,893,1.6648675,beyond
mexico,17014,-99.36402190417807,18.727763175923524,210,2.0510292,beyond
mexico,17015,-99.35812983403167,18.768354766468047,418,1.9121513,beyond
mexico,17016,-98.77618301494772,18.88534529234086,718,2.5209382,beyond
mexico,17017,-99.2967665633138,18.591799450003997,578,1.857025,expansion
mexico,17018,-99.2357113803658,18.8445026558848,4270,1.756312,expansion
mexico,17019,-98.83957662131527,18.62218980410459,271,2.0785804,beyond
mexico,17020,-99.14470935812247,18.960109783528882,44,1.6733638,expansion
mexico,17021,-99.39526811085021,18.729353148798385,432,2.3565574,beyond
mexico,17022,-98.72667917474642,18.895375765585037,720,3.1103756,beyond
mexico,17023,-98.9977057446799,19.008174054951564,45,3.6405873,beyond
mexico,17024,-99.1461423610752,18.711000883709552,618,2.1790893,expansion
mexico,17025,-99.16033680977333,18.63427435661647,133,1.7916728,expansion
mexico,17026,-98.98231549526214,18.957431426389856,242,2.183789,beyond
mexico,17027,-98.92042495994572,18.984237996148053,100,2.1529458,beyond
mexico,17028,-99.23194205329614,18.78853154363294,1740,1.9405007,beyond
mexico,17029,-99.0275691039646,18.892587026951542,2323,1.7027582,expansion
mexico,17030,-98.8768175445171,18.855974032105205,393,2.146539,expansion
mexico,17031,-99.20366716375916,18.651133367185217,816,1.3758638,expansion
mexico,17032,-98.75854668456203,18.802851982611937,624,1.7558163,beyond
mexico,17033,-98.77591049177278,18.753582279938193,908,2.4967053,beyond
mexico,17034,-99.32766332072632,18.728096170764733,388,2.1163852,beyond
mexico,17035,-99.2470907379678,18.684184436723093,739,2.8318462,expansion
mexico,17036,-98.685931107555,18.886980075501665,485,2.9488883,beyond
mexico,18001,-105.36395406453609,22.496017964968917,163,1.6588717,beyond
mexico,18002,-104.48559016225629,21.054284673851612,100,1.2673246,beyond
mexico,18003,-104.40261938574477,20.810057438168723,58,1.9698962,beyond
mexico,18004,-104.90297896687152,21.244316768469194,57,1.3645635,train
mexico,18005,-105.3231826009061,22.6391117962467,63,2.0631983,beyond
mexico,18006,-104.36710051343692,21.03709186666242,220,1.3104306,beyond
mexico,18007,-104.43403640649767,21.103232386002443,108,1.9107354,beyond
mexico,18008,-104.89829755744553,21.452244980032596,262,1.0498009,train
mexico,18009,-104.51674112668296,22.25158531385506,74,2.3784933,beyond
mexico,18010,-105.24970126712685,22.039918810240085,97,2.1212027,beyond
mexico,18011,-105.14456911458498,21.95209778584353,228,2.0366063,beyond
mexico,18012,-105.28504662845498,21.542969698460585,95,1.9603734,expansion
mexico,18013,-104.7526208112231,21.21831916149022,61,2.874585,beyond
mexico,18014,-104.58750188450406,21.333579936567258,56,2.865605,beyond
mexico,18015,-105.21388229426404,21.812832928291552,97,1.8124275,expansion
mexico,18016,-105.45621838853198,22.398760649873225,130,1.8581947,expansion
mexico,18017,-104.87719370986478,21.50162898984404,2208,1.1440061,train
mexico,18018,-105.29006317850174,21.938346354261405,210,1.7690609,beyond
mexico,18020,-105.28428528841033,20.7502529313622,892,1.7141019,train
mexico,19001,-100.39396507568229,25.94488307317301,117,2.0204165,beyond
mexico,19002,-99.54000267430064,26.31061306720421,140,1.9072205,beyond
mexico,19003,-99.19721837221549,26.062617133001588,77,1.8175457,beyond
mexico,19004,-100.02414183612342,25.28902123128702,496,1.4712948,expansion
mexico,19005,-100.13818029574176,27.236507236945165,355,1.7907029,beyond
mexico,19006,-100.19377646691575,25.760781576601207,5149,0.730881,train
mexico,19007,-99.81721452204077,24.100852442942994,123,2.728908,beyond
mexico,19008,-100.50676070729541,26.531943399857248,199,2.6512825,beyond
mexico,19009,-100.04748802319295,25.603553661448146,277,1.8616,train
mexico,19010,-100.34447482113295,25.915004199072268,391,1.5842592,beyond
mexico,19011,-99.61861073679913,26.08327709434443,358,1.852927,beyond
mexico,19012,-100.17261654654371,25.953948054578536,450,1.7384952,expansion
mexico,19013,-99.23777756539725,25.702086423845998,415,1.3982583,beyond
mexico,19014,-100.18144212103508,23.67250005061404,188,1.9167498,beyond
mexico,19015,-99.18197751372581,25.927551856475745,88,1.8338952,beyond
mexico,19016,-99.9435279547486,25.857863240216965,152,1.4348129,beyond
mexico,19017,-100.07572358021405,24.81977761717654,166,1.7443529,beyond
mexico,19018,-100.5005987524554,25.790258941777672,2693,1.0004121,test
mexico,19019,-100.36691825698686,25.647053726762568,1987,0.5911868,train
mexico,19020,-99.17893135126903,25.79446913525201,224,1.737938,beyond
mexico,19021,-100.33138412909892,25.800508050180056,3674,0.8349035,train
mexico,19022,-99.68192563539506,25.257853633342865,210,1.8318079,beyond
mexico,19023,-99.4848935898625,26.221772141198233,61,2.0186725,beyond
mexico,19024,-99.77027543701375,23.969240762262576,86,2.2000191,beyond
mexico,19025,-100.15652472016474,25.891271010348714,325,1.5472049,train
mexico,19026,-100.20395334848871,25.67799491140834,9159,0.64778966,train
mexico,19027,-99.40140000968852,25.90925280095514,197,2.179176,beyond
mexico,19028,-100.01683777378591,25.960778700983845,68,2.0121024,beyond
mexico,19029,-99.67702443353993,24.88399370161284,192,1.8598217,beyond
mexico,19030,-99.90635017263267,24.728293729970677,51,2.1080508,beyond
mexico,19031,-100.12361605131927,25.64761413311524,4886,1.3072898,train
mexico,19032,-100.50643508218307,27.026493385315362,238,1.4445469,beyond
mexico,19033,-99.56684160577304,24.863118535475067,696,1.2823422,expansion
mexico,19034,-100.0295785488479,25.878312193995246,94,1.7856004,beyond
mexico,19035,-99.54359484685988,26.056330773762443,82,2.5147057,beyond
mexico,19036,-100.11843758473987,23.423235224582893,72,2.2130833,beyond
mexico,19037,-100.52953383882239,26.002220143290174,213,1.7731452,beyond
mexico,19038,-99.83670284702012,25.190220747354623,437,1.3522503,expansion
mexico,19039,-100.31866212368006,25.671701896386487,12877,0.69471014,test
mexico,19040,-99.52346286702695,26.50101568687332,68,1.9331315,beyond
mexico,19041,-100.10215407378635,25.74539752073212,717,1.8171586,train
mexico,19042,-99.62452232517391,25.69854438112797,91,2.344602,beyond
mexico,19043,-100.07485733492707,25.016695293430445,21,2.464088,beyond
mexico,19044,-100.183356698957,26.504675065357354,849,1.2985224,expansion
mexico,19045,-100.27286201685554,25.8883611449155,522,1.8139246,train
mexico,19046,-100.267367381857,25.734415845231428,5566,0.4367988,train
mexico,19047,-100.45190236205907,25.970807916771825,1089,1.9113935,beyond
mexico,19048,-100.44024948501138,25.68066373269082,823,0.7231336,test
mexico,19049,-100.18700319364804,25.48786317181904,722,1.0349361,train
mexico,19050,-99.98650307138189,26.659415903881385,37,2.1925147,beyond
mexico,19051,-100.43069875347743,26.49843362807445,234,1.7537463,beyond
mexico,20001,-96.60879221676423,17.4373770766214,53,2.9932597,beyond
mexico,20002,-96.50948197569144,18.51005214552726,205,2.7705247,beyond
mexico,20003,-95.95468540580487,17.03537125007084,21,2.7754903,beyond
mexico,20004,-97.67306300719761,17.930267828731473,186,3.2328289,beyond
mexico,20005,-95.05562484035553,16.50775045969676,333,2.0138583,beyond
mexico,20006,-97.2323360146816,17.461264567572165,847,1.6918106,beyond
mexico,20007,-96.72113516816594,16.762063252701104,952,2.912645,beyond
mexico,20008,-95.72603619640138,16.29883385268213,25,3.1767364,beyond
mexico,20009,-96.13016330624879,17.674236683441524,95,2.4517589,beyond
mexico,20010,-95.08897970229523,16.801715673597002,530,2.4621162,beyond
mexico,20011,-98.27928083923167,17.530859818866105,64,2.4474242,beyond
mexico,20012,-96.49276135341086,15.926614974986132,25,3.9841506,beyond
mexico,20013,-96.76718502466699,16.88807098285435,984,2.7001839,beyond
mexico,20014,-95.09392025503129,16.557776585472524,617,1.8457215,beyond
mexico,20015,-96.67336283475203,16.538771591790038,333,2.9391353,beyond
mexico,20016,-98.2739350734918,17.27423220882111,81,3.9338496,beyond
mexico,20017,-96.81967787349174,16.556342036708674,147,2.8705194,beyond
mexico,20018,-97.40200583602352,17.8788343157975,270,2.6405401,beyond
mexico,20019,-96.88071358643974,17.843194645532527,42,2.9960325,beyond
mexico,20020,-97.93925747505268,17.038003702027584,98,3.221269,beyond
mexico,20021,-96.68038690612839,18.595675372790637,103,2.3054438,beyond
mexico,20022,-97.7913961243109,18.142975852623046,20,3.31805,beyond
mexico,20023,-96.78410819687141,16.986764447523626,537,2.21948,beyond
mexico,20024,-96.83020208849346,17.962077840726813,149,3.7460089,beyond
mexico,20025,-94.1935647018305,16.294700325960132,358,2.2424638,beyond
mexico,20026,-97.57171908977878,17.032519859931845,272,2.641347,beyond
mexico,20027,-96.74373274016195,17.99475593312277,186,3.1740794,beyond
mexico,20028,-96.72853402684599,16.561433316024015,1143,2.272806,beyond
mexico,20029,-96.87295584027932,18.175933879881832,399,3.4943252,beyond
mexico,20030,-95.03924628051513,16.482337520015157,130,1.1699253,train
mexico,20031,-96.0668324141053,17.055124774069483,118,2.868291,beyond
mexico,20032,-98.13591848402054,17.90846702695327,48,2.5390046,beyond
mexico,20033,-96.80919758293145,17.17120369531804,526,2.111829,beyond
mexico,20034,-98.16570645973276,17.75819755220894,92,3.413252,beyond
mexico,20035,-96.49350288468932,17.32007999890414,184,2.295197,beyond
mexico,20036,-95.36824575140979,16.794854053766397,60,2.07174,beyond
mexico,20037,-97.96770861555588,16.91418542155178,35,3.775317,beyond
mexico,20038,-96.17810989705895,17.183665223564393,101,2.6211739,beyond
mexico,20039,-97.78253596887812,17.80850930944868,579,1.5279223,train
mexico,20040,-96.79767026169473,18.101947478358603,148,3.7034624,beyond
mexico,20041,-96.82462148244504,18.133846438048867,1689,3.1380446,beyond
mexico,20042,-96.48628955225588,17.329694536987688,406,2.4522765,beyond
mexico,20043,-95.00012654341506,16.438296076780418,614,2.201523,train
mexico,20044,-95.8800236631948,18.107065332799404,408,2.3263404,expansion
mexico,20045,-96.82215598071755,17.23967569759026,558,2.5718637,beyond
mexico,20046,-97.2195090783509,17.322822501962918,64,2.5882008,beyond
mexico,20047,-97.47073553926639,17.80606368038334,283,2.498691,beyond
mexico,20048,-96.90470894508411,16.89755870138984,32,2.9681065,beyond
mexico,20049,-96.70984344108733,16.708257052221644,241,2.3120058,beyond
mexico,20050,-97.55040731885737,17.23577965909084,199,1.7740486,beyond
mexico,20051,-96.55783838283602,16.907571828559337,620,2.778676,beyond
mexico,20052,-95.60038717052012,16.40180202138087,135,2.8081872,beyond
mexico,20053,-95.20367037614783,16.504499440431974,56,2.621823,beyond
mexico,20054,-97.22750919726604,17.388833201523077,228,2.5678966,beyond
mexico,20055,-98.14167991956488,17.860649042607424,226,1.853758,beyond
mexico,20056,-98.2553888524813,16.53650620620008,58,2.4593923,beyond
mexico,20057,-95.03968635406018,16.87214958751471,269,1.679667,beyond
mexico,20058,-96.91266719740545,18.033837680989578,28,3.569727,beyond
mexico,20059,-96.59588811979498,16.328298215389317,2262,1.8986925,beyond
mexico,20061,-96.63720868508265,16.36602661830302,617,2.033222,beyond
mexico,20062,-96.43170512970588,17.298484388185454,133,2.2527423,beyond
mexico,20063,-96.82611366543694,17.18103367788433,1276,2.2361734,beyond
mexico,20064,-95.9804754863378,16.607796110339155,124,3.1879659,beyond
mexico,20065,-98.0449375359452,17.505846163533462,272,2.488328,beyond
mexico,20066,-94.61248064599282,16.56209246468646,96,2.1415865,beyond
mexico,20067,-96.73165693234161,17.086028210459524,4619,1.4890301,beyond
mexico,20068,-96.67106747403672,16.787381712448955,3744,2.4111345,beyond
mexico,20069,-96.79717843859764,16.62875702847675,90,3.0479,beyond
mexico,20070,-97.97717558729813,16.42649683174809,179,2.9415574,beyond
mexico,20072,-96.68473510721545,16.68533124714369,397,2.5861106,beyond
mexico,20073,-97.9259613111341,17.028578521129177,352,2.359138,beyond
mexico,20074,-96.28513975311128,16.315154194312044,72,2.8125844,beyond
mexico,20075,-94.45834702744708,16.397749657298146,256,2.0921764,beyond
mexico,20076,-97.8485416817666,16.627290993117267,88,2.935356,beyond
mexico,20077,-96.81426422139425,17.202066245205103,926,2.1599474,beyond
mexico,20078,-96.62029600265673,17.007297339912938,455,2.320715,beyond
mexico,20079,-95.19543017389047,16.213773312286737,836,1.5403048,beyond
mexico,20080,-96.79192227193727,16.51083305882755,272,2.471519,beyond
mexico,20081,-98.00973004897797,17.612223742228853,120,2.762088,beyond
mexico,20082,-97.80910735513757,16.403421458010232,39,2.3421233,beyond
mexico,20083,-96.71069436702055,17.007899885522036,96,1.6549479,train
mexico,20084,-96.76441803203582,17.18732269652487,1622,1.8624307,beyond
mexico,20086,-97.51942829234572,17.20351683636228,153,2.0125978,beyond
mexico,20087,-96.67797536876249,17.078598021623307,653,1.8126079,beyond
mexico,20088,-97.67895523227385,16.88594253039536,74,2.114889,beyond
mexico,20089,-97.72689647890299,17.687721863309545,44,3.232622,beyond
mexico,20090,-97.91622138923,16.329831549864068,146,2.8936617,beyond
mexico,20091,-96.67567244475346,17.097099039020407,194,2.151052,beyond
mexico,20092,-96.8305559896556,17.07321742853664,490,2.8691905,beyond
mexico,20093,-97.52346961041393,17.568169887126388,155,2.7071328,beyond
mexico,20094,-97.10604763016342,17.239136127382523,21,3.1732628,beyond
mexico,20095,-96.50686978682604,16.21517719639227,224,3.6020944,beyond
mexico,20096,-97.27795319616952,17.466199521798625,548,2.634124,beyond
mexico,20097,-96.2365056000202,17.272481069042538,126,2.686819,beyond
mexico,20098,-96.65726836821464,17.954100243472098,60,3.209501,beyond
mexico,20099,-98.39218273361817,17.66649415582783,74,3.0535865,beyond
mexico,20100,-96.15270729826462,17.293643160204038,24,2.4159515,beyond
mexico,20101,-96.86010033752943,16.600430091571365,145,2.939606,beyond
mexico,20102,-96.86249249612372,17.186252393685777,521,2.7680387,beyond
mexico,20103,-96.68213832739897,16.803839895911047,1217,2.9280324,beyond
mexico,20104,-97.02407722558611,16.81650962207043,40,3.4214683,beyond
mexico,20105,-97.72152320682419,17.533159783072527,40,3.8177257,beyond
mexico,20106,-97.5012921557321,17.744209781402,66,2.5666487,beyond
mexico,20107,-96.70369324726111,17.02759391528604,225,1.7437413,train
mexico,20108,-97.14564222174275,16.9279837085327,31,2.4535549,beyond
mexico,20109,-97.12627402451014,18.134459939323882,142,2.4222147,beyond
mexico,20110,-97.56686997065266,17.151812137862997,26,2.1441348,beyond
mexico,20111,-98.06591106027979,16.541895388882565,27,3.8344574,beyond
mexico,20112,-96.48852117482333,16.762963879888137,214,2.6687112,beyond
mexico,20113,-96.78807972612232,16.074144925433444,300,3.839181,beyond
mexico,20114,-96.22121809335339,17.225365027455613,82,3.1658974,beyond
mexico,20115,-96.71940192159356,16.924166373137513,407,2.111255,beyond
mexico,20116,-96.66765477131302,18.02999981497665,37,2.2381692,beyond
mexico,20117,-96.71011927388162,15.970883939881597,26,3.722594,beyond
mexico,20118,-96.50057124876496,16.904581381858723,358,2.4814641,beyond
mexico,20119,-97.44902014396925,17.238991976699253,28,2.9244373,beyond
mexico,20120,-96.2432841862941,17.240247620254586,123,2.5128531,beyond
mexico,20121,-97.3089181622979,17.591539952035763,49,2.1598494,beyond
mexico,20123,-96.89692547438173,16.823136222091932,274,3.0164037,beyond
mexico,20124,-95.22098765170794,16.32705875875875,69,3.3314438,train
mexico,20125,-96.10697082314613,16.498530225250963,41,3.4476943,beyond
mexico,20126,-96.40927759921763,16.317652968974276,215,3.0569115,beyond
mexico,20127,-97.57344180844949,17.281309282362606,88,2.0843718,beyond
mexico,20128,-96.16683130464176,17.337064698299315,151,3.0936005,beyond
mexico,20129,-97.37429472137948,17.723694710819554,331,2.421261,beyond
mexico,20130,-94.75822204228048,16.323885810338904,67,2.7239614,beyond
mexico,20131,-96.39264398072889,16.79937991636932,357,2.5069444,beyond
mexico,20132,-96.67817335789648,16.74884236688708,980,2.0686152,beyond
mexico,20133,-97.67267044980916,17.062497082885994,262,2.503034,beyond
mexico,20134,-96.53452970810729,18.071774490042372,72,3.9484396,beyond
mexico,20135,-96.85250734728302,17.11278830985667,398,3.1557305,beyond
mexico,20136,-96.52406678891012,17.888434462443065,69,2.2942903,beyond
mexico,20138,-96.24927856124951,17.170986806254078,156,2.523389,beyond
mexico,20139,-96.75539125821547,17.941330883322724,90,2.4860404,beyond
mexico,20140,-97.30448386552976,17.42613811565677,1280,2.4890974,beyond
mexico,20141,-94.5168954993069,16.336738458264275,205,2.5161514,beyond
mexico,20142,-96.94485841992011,18.196288420236804,271,3.2969956,beyond
mexico,20143,-94.48212284504602,16.351309338603507,260,2.1231136,beyond
mexico,20144,-97.26165833614562,17.385373519045206,218,2.2542167,beyond
mexico,20145,-96.59653471967384,17.022871489278664,2246,2.1989536,beyond
mexico,20146,-96.37768269615596,16.358969662791694,412,2.2981162,beyond
mexico,20147,-97.34113921456901,17.37276989561916,925,2.025747,beyond
mexico,20148,-96.22016534453344,16.096500191745708,226,2.8831527,beyond
mexico,20149,-96.97165512689426,16.514618530643293,160,2.0225492,beyond
mexico,20150,-96.91072115257367,17.30288190099412,880,2.5353756,beyond
mexico,20151,-97.4964179037545,17.850072426206708,104,2.2781553,beyond
mexico,20152,-98.26790828058948,17.484476306201852,76,3.20783,beyond
mexico,20153,-97.0814183221296,16.09440227124792,65,3.0805767,beyond
mexico,20154,-96.49313173731716,16.335304239771325,633,3.098353,beyond
mexico,20155,-96.98339253764232,16.52047150549885,127,2.2411246,beyond
mexico,20156,-96.14969733012944,17.336461769959264,269,3.256014,beyond
mexico,20157,-96.75760063524332,17.094621032624342,358,1.5072097,beyond
mexico,20158,-97.38827446522589,16.518119216892654,42,2.5192428,beyond
mexico,20159,-96.87003823909387,16.23218950593789,70,2.6206145,beyond
mexico,20160,-97.84652114594094,17.809245873482467,62,2.9815707,train
mexico,20161,-97.03156375642612,17.364393925867446,116,2.8394191,beyond
mexico,20162,-96.59366361332249,16.714257987002277,67,2.16491,beyond
mexico,20163,-96.91417227449035,18.16706002127154,304,2.7480206,beyond
mexico,20164,-98.09924215459897,17.660642648277765,184,2.883109,beyond
mexico,20165,-97.97062636752256,17.941183621401102,82,2.086181,beyond
mexico,20166,-96.16888663741832,17.948164698471775,51,2.9792366,beyond
mexico,20167,-96.5060151754351,16.310358348739197,419,2.794225,beyond
mexico,20168,-98.25139481521619,16.367095262203225,38,2.9483302,beyond
mexico,20169,-96.64465924468811,18.239737413638885,65,3.76869,beyond
mexico,20170,-96.33586157161933,16.381309999830325,443,2.9864833,beyond
mexico,20171,-96.71740508133391,18.150052429033472,20,2.4141355,beyond
mexico,20172,-97.50785239324348,17.347382173500964,147,2.2197819,beyond
mexico,20173,-96.5401531123711,17.429127655054575,186,3.43792,beyond
mexico,20174,-96.71422758129974,16.98918881439969,49,1.9992986,train
mexico,20175,-96.82897716202142,17.533379212403606,23,1.96781,beyond
mexico,20176,-97.32191972545209,17.719656568851796,451,2.506095,beyond
mexico,20177,-96.95972949266364,17.79948919498514,224,1.9707358,beyond
mexico,20178,-96.77628695842569,17.228323275287487,362,2.6931891,beyond
mexico,20179,-96.82124573433546,17.42313836418214,207,3.0023608,beyond
mexico,20180,-98.34494746997848,16.508752172568435,111,2.9077237,beyond
mexico,20181,-97.65976765878604,17.9743241423568,72,2.7220728,beyond
mexico,20183,-98.34261648038463,17.621748106656145,107,3.7852783,beyond
mexico,20184,-96.14179616047056,18.073142040203184,1662,1.8180009,train
mexico,20185,-98.15450446237315,16.6140406530996,88,3.298173,beyond
mexico,20186,-98.2803383399775,17.849333018208853,47,3.2433534,beyond
mexico,20188,-97.95609391499357,16.459682801280458,213,2.969681,beyond
mexico,20189,-95.97486194563135,17.33755957301729,46,2.9283195,beyond
mexico,20190,-95.42825650231303,17.44679892773234,61,2.262331,beyond
mexico,20191,-96.49717005462792,17.28876785449394,82,2.722593,beyond
mexico,20192,-96.66727518547724,16.828958159172025,653,2.8130662,beyond
mexico,20193,-96.7996359402179,17.276625491701445,446,2.0535483,beyond
mexico,20194,-96.16192902406156,16.885337581974895,42,2.8516634,beyond
mexico,20195,-97.37060489304699,17.285168849789738,483,2.340062,beyond
mexico,20196,-96.53813863002878,17.405633301136003,61,2.9468489,beyond
mexico,20197,-96.54509670609093,16.953547168676273,978,2.947028,beyond
mexico,20198,-95.09292926760975,16.962270895103632,67,3.0286078,beyond
mexico,20199,-98.29075899091978,17.73900472559772,38,3.1534755,beyond
mexico,20200,-95.91783598061028,16.935239291022064,25,3.1063356,beyond
mexico,20201,-96.30386947860706,17.35562436809845,33,2.8086236,beyond
mexico,20202,-97.12329901495424,16.159096101560113,56,3.1267712,beyond
mexico,20203,-96.55538250856742,16.576363494549206,606,3.2466948,beyond
mexico,20204,-95.92676141938253,16.509073076449752,33,3.008696,beyond
mexico,20206,-97.0628813125815,18.04767155558219,149,2.4903252,beyond
mexico,20207,-95.44198548526758,17.026842233380986,192,3.9091759,beyond
mexico,20208,-97.82767355727788,17.305817590063253,192,2.8283284,beyond
mexico,20209,-96.30260561077253,16.277714921646563,228,3.0810807,beyond
mexico,20211,-96.2578305985176,16.131181091485622,94,3.0805888,beyond
mexico,20212,-96.03778216787804,17.46878336123333,24,3.6267328,beyond
mexico,20213,-97.32059536297652,16.30232705311767,33,3.8962564,beyond
mexico,20214,-96.58837194898672,17.601501271932584,75,3.6779394,beyond
mexico,20215,-97.28412891958979,17.453427899740312,256,2.6931143,beyond
mexico,20216,-96.20876242000752,17.30505782057328,83,2.395184,beyond
mexico,20218,-97.41481605375438,17.09685487102949,42,2.8165615,beyond
mexico,20219,-96.60633429723433,16.92916064278458,597,2.396244,beyond
mexico,20220,-96.84094044358159,17.723692821312653,23,2.6607888,beyond
mexico,20221,-97.42457308405275,17.55182421314397,89,2.5208077,beyond
mexico,20222,-96.28354244057,17.43085439787959,32,2.7694001,beyond
mexico,20224,-97.27059626494123,17.511357671427692,166,2.5362241,beyond
mexico,20225,-97.8741177352234,16.39488901641739,23,3.1855826,beyond
mexico,20226,-96.25799974468698,16.909562965076482,42,2.7529614,beyond
mexico,20227,-96.79697877251911,17.135838512887005,2988,2.3074622,beyond
mexico,20228,-96.91341877043688,18.205781769245448,264,3.0304136,beyond
mexico,20229,-97.19954580475044,16.583480048856885,84,3.5632296,beyond
mexico,20230,-98.12063080156652,17.667654121677437,78,1.9445618,beyond
mexico,20231,-95.71161479730078,16.945380866604502,80,3.805238,beyond
mexico,20232,-96.39773932578218,18.060685147354103,229,3.7069433,beyond
mexico,20233,-96.46871140736687,16.895329268775924,198,2.8624098,beyond
mexico,20234,-96.9063078633683,18.135923029780876,173,2.8037777,beyond
mexico,20235,-96.49824892655408,16.388315427007182,896,2.297507,beyond
mexico,20236,-96.40282285819347,16.08842075943754,102,3.9809122,beyond
mexico,20237,-97.86301286956267,17.721011690679667,56,3.4245718,beyond
mexico,20238,-96.72603847745684,16.657792125550124,180,2.7571507,beyond
mexico,20239,-97.60282239995075,17.395491729561808,118,2.1194923,beyond
mexico,20240,-97.88051593735834,17.226872179683394,43,2.871028,beyond
mexico,20241,-96.85279727496149,16.613004162441324,178,2.9136524,beyond
mexico,20242,-98.23871103925411,17.359661514674134,46,3.1031537,beyond
mexico,20243,-96.69315540187911,16.859586768374953,524,2.7633278,beyond
mexico,20244,-97.0595456475612,18.100667058817624,150,2.525075,beyond
mexico,20245,-98.0620560184943,17.80909229810928,79,2.936165,beyond
mexico,20246,-96.20759069466439,17.160088735804724,99,2.6503305,beyond
mexico,20247,-96.44537419334527,17.305594280859665,407,2.6394482,beyond
mexico,20248,-95.01547783548806,16.21048057284744,317,2.1010537,beyond
mexico,20249,-96.86640390028505,18.142002665633207,566,2.7421699,beyond
mexico,20250,-97.27384319830627,17.416831030580926,165,2.3603528,beyond
mexico,20251,-98.41848242504312,17.653827317347414,120,2.9210515,beyond
mexico,20252,-97.5289107170915,17.153108849761026,328,2.803824,beyond
mexico,20253,-96.33469130092978,16.00152645729107,43,3.6652048,beyond
mexico,20254,-96.44674066995158,16.144135962711733,255,2.3077006,beyond
mexico,20255,-97.35027454387664,17.001207624622676,41,2.5058613,beyond
mexico,20256,-97.42834620917436,17.81345174499949,654,2.4254413,beyond
mexico,20257,-96.1541978114763,17.252373194586003,44,2.2310984,beyond
mexico,20258,-97.48949796962357,17.305775960718897,164,3.2033017,beyond
mexico,20259,-98.32091557401003,17.671429713714996,91,3.1603394,beyond
mexico,20260,-96.6923876937463,17.411305851585002,25,2.7900012,beyond
mexico,20261,-98.02381599056241,17.893697493974756,29,3.0755897,beyond
mexico,20262,-96.4710887738302,17.27467634529873,275,2.8969235,beyond
mexico,20263,-96.69479129439101,16.194584048244014,83,3.5479832,beyond
mexico,20264,-97.19679943887783,17.637651237700336,65,2.80491,beyond
mexico,20265,-94.74879938947318,16.714328468248247,26,2.9538321,beyond
mexico,20266,-96.17325695767744,15.920578932226336,30,3.979836,beyond
mexico,20267,-96.56882617345914,17.32181859850842,26,1.9208875,beyond
mexico,20268,-96.73836966136747,16.58219313450255,151,2.446317,beyond
mexico,20269,-97.62039180741125,17.04566208396902,448,2.4084735,beyond
mexico,20270,-97.14248557397538,17.744163585569385,122,3.0576875,beyond
mexico,20272,-97.37787412530433,16.259840467633943,51,2.6342347,beyond
mexico,20273,-97.01182001947981,16.938773401998553,39,3.4261413,beyond
mexico,20274,-97.23236206741906,16.99728056659862,39,2.4437017,beyond
mexico,20275,-95.76104576293677,16.973077601396916,75,3.4340441,beyond
mexico,20276,-96.79726957166429,17.92165445501345,186,3.6244385,beyond
mexico,20277,-96.97997485467185,16.51565942238589,204,2.182435,beyond
mexico,20278,-96.40753615703971,18.24191272247144,145,2.2147155,beyond
mexico,20279,-96.46790331397199,16.09328248251818,134,2.9079254,beyond
mexico,20280,-96.24905201000628,17.361712200692576,76,2.7214766,beyond
mexico,20281,-97.26849277095992,17.394851743382375,167,1.904038,beyond
mexico,20282,-95.59277647492449,16.266745193897435,25,2.8918152,beyond
mexico,20283,-97.33841737794116,17.801353772927225,114,2.7095802,beyond
mexico,20284,-96.58067255419203,16.781877122404147,158,2.6852772,beyond
mexico,20285,-98.06335892798678,16.41583593546985,40,3.335689,beyond
mexico,20286,-98.0063162662891,17.456882735376336,114,2.8343837,beyond
mexico,20287,-97.44418641351852,17.754493478855938,222,2.893164,beyond
mexico,20288,-96.33615211841128,17.37140036841264,45,2.98287,beyond
mexico,20289,-96.74398347581888,16.418819870134712,388,2.6054964,beyond
mexico,20290,-98.14382420621106,17.782971305123787,47,3.250467,beyond
mexico,20291,-96.78285312751102,16.224372344282468,73,2.78093,beyond
mexico,20292,-96.88970373071786,16.98010643114218,21,2.1789687,beyond
mexico,20293,-96.7594270594358,17.14659488487482,1535,1.9317114,beyond
mexico,20294,-96.89431728585234,17.28023475770727,891,2.6983228,beyond
mexico,20295,-96.7867807144674,16.819101823381445,1223,2.473329,beyond
mexico,20296,-96.55063867747951,17.531868230001614,70,3.3076952,beyond
mexico,20297,-97.49958873382958,17.019901070531454,53,1.9359064,beyond
mexico,20298,-96.36604007734746,16.919110584678425,526,2.1875658,beyond
mexico,20299,-96.22888863929829,17.145454526892014,152,2.7941363,beyond
mexico,20300,-98.09132910041019,16.653754234255146,60,2.5479887,beyond
mexico,20301,-96.72582857028769,16.73637055437396,634,2.7061222,beyond
mexico,20302,-97.98641449090276,16.488673226925297,74,3.1906364,beyond
mexico,20303,-96.26157460297529,17.168450565902614,77,2.3206277,beyond
mexico,20304,-97.13908493985551,17.499082734929193,35,2.0697606,beyond
mexico,20306,-96.47471388480497,16.034121813438254,41,2.9820528,beyond
mexico,20307,-95.66880007554236,16.028159542699353,120,2.5455682,beyond
mexico,20309,-96.50668314259543,18.145242798101116,85,2.6650884,beyond
mexico,20310,-96.8159786836432,17.06294553587784,376,2.5322554,beyond
mexico,20311,-97.03670101634361,17.685635717693984,196,2.815881,beyond
mexico,20312,-98.0162245732793,16.452025734812214,189,3.2166104,beyond
mexico,20313,-97.07819829908877,17.769468159259205,74,2.589033,beyond
mexico,20314,-97.09007405267327,16.34400160640124,34,2.7374482,beyond
mexico,20315,-96.71084905627187,16.742884637594408,433,2.7724133,beyond
mexico,20316,-96.24562720235471,16.417243650450374,56,3.141821,beyond
mexico,20317,-97.61039660488822,17.431923486344846,74,2.3764868,beyond
mexico,20318,-97.08388810460633,15.882396737474268,564,2.0345519,expansion
mexico,20319,-96.28491363802591,16.27281953371339,188,3.131262,beyond
mexico,20320,-97.53954583288626,17.102352199708914,180,2.4296849,beyond
mexico,20321,-97.54231124895878,17.803782528422314,76,2.4894757,beyond
mexico,20322,-96.91069812851582,18.184200094341975,699,3.4486299,beyond
mexico,20323,-95.8449799183532,16.954791447006198,20,2.8509936,beyond
mexico,20324,-96.46702210503429,15.74564535061302,138,2.6253986,beyond
mexico,20325,-96.00228073575325,16.660166485527412,98,3.4481254,beyond
mexico,20326,-96.66290244688203,17.827715617886454,40,2.902266,beyond
mexico,20327,-94.19283912374071,16.36775598952145,253,2.2399483,beyond
mexico,20328,-96.53607306741203,16.637351532603653,119,2.7425356,beyond
mexico,20329,-97.2856338181787,17.016650790683347,128,3.3182778,beyond
mexico,20330,-96.70519739088157,17.977268963091557,143,2.5326576,beyond
mexico,20331,-97.37218132651651,17.341954510442747,949,2.1948423,beyond
mexico,20332,-97.34432607693893,17.436441370318565,180,2.7905424,beyond
mexico,20333,-96.30403573627464,16.66811756660543,77,2.8688467,beyond
mexico,20335,-96.35489352024625,17.41883219357022,35,3.1599598,beyond
mexico,20336,-96.55184032461955,17.589040353246588,84,3.437315,beyond
mexico,20337,-96.08137394404469,17.030655068965814,412,2.9193723,beyond
mexico,20338,-96.80031899311234,17.197955935218364,1646,1.993601,beyond
mexico,20339,-97.48937382800607,17.510416148477937,124,2.1842518,beyond
mexico,20340,-97.7175633141538,18.060267806680603,32,3.0413153,beyond
mexico,20341,-97.48133762338261,17.56382630039111,136,2.3115125,beyond
mexico,20342,-96.75642835912942,16.97164637854149,108,2.0049882,train
mexico,20343,-96.5915853721333,16.996353739842526,759,2.2965996,beyond
mexico,20344,-96.82605293906063,16.201503523993267,125,3.6973715,beyond
mexico,20345,-98.14671433592174,16.54371409118389,36,3.2961912,beyond
mexico,20346,-97.68347540700965,17.517774934367146,68,3.0186408,beyond
mexico,20347,-96.46228751928919,16.18465064579359,131,2.505836,beyond
mexico,20348,-98.03223210925307,17.346614575627378,240,3.0297842,beyond
mexico,20349,-96.61426641285799,16.952553040850766,423,2.2864633,beyond
mexico,20350,-96.68074149937567,17.054754485437407,506,1.2451817,beyond
mexico,20351,-96.72462441527644,16.39867811455812,1317,2.2244813,beyond
mexico,20352,-98.0052464234117,17.827181841184025,109,2.9196281,beyond
mexico,20353,-96.72037632072606,16.34580928731251,937,2.564782,beyond
mexico,20354,-96.90564887944868,18.210633689097506,78,3.1750436,beyond
mexico,20355,-96.79688680056147,17.98440508191548,76,3.5533729,beyond
mexico,20356,-96.47119123750112,16.996015023125178,476,2.8704054,beyond
mexico,20357,-95.91085021932065,16.655007613877277,69,2.9524863,beyond
mexico,20358,-96.83858002062402,16.743483820491832,231,2.1473138,beyond
mexico,20359,-96.61289453586943,17.39405461352765,161,2.810385,beyond
mexico,20360,-96.72732074680819,16.83685029684117,1187,2.8765748,beyond
mexico,20361,-96.26659643220944,16.320431398955375,152,3.432693,beyond
mexico,20362,-96.64266554278014,16.304709990767172,480,2.9359965,beyond
mexico,20363,-96.56212767603711,17.268961225391067,46,2.7475307,beyond
mexico,20364,-97.2900218836507,16.237402317731558,120,2.8218818,beyond
mexico,20365,-96.47293331896797,17.267153088600566,173,3.1948748,beyond
mexico,20366,-96.75230953676675,16.069107592704334,148,3.682957,beyond
mexico,20367,-97.83843619581329,16.33671072508144,105,3.602625,beyond
mexico,20368,-96.62016547735405,16.781609112807015,848,2.4821348,beyond
mexico,20369,-96.74240242214996,16.882895823530784,574,2.680745,beyond
mexico,20370,-97.5586798165778,17.345935918701684,173,2.4836538,beyond
mexico,20371,-97.53482218493573,17.07528159601404,351,2.4465303,beyond
mexico,20372,-97.66202171011483,17.0189959505181,85,2.4264283,beyond
mexico,20373,-97.60449831201613,18.06355092865817,32,2.610163,beyond
mexico,20374,-96.8759994476845,18.16307086464562,127,2.9074867,beyond
mexico,20375,-96.68510421958737,17.04843541091112,358,1.312435,beyond
mexico,20376,-98.22468632524793,17.580857310955192,40,2.472863,beyond
mexico,20377,-97.65771535065761,16.874110034445447,84,1.9637403,beyond
mexico,20378,-96.88052059449274,16.791917405075527,136,2.4447668,beyond
mexico,20379,-97.72381525104585,17.173922491420853,44,2.1022704,beyond
mexico,20380,-96.5839710579361,16.956585288526025,747,2.5496352,beyond
mexico,20381,-98.15102301163834,17.82769950709808,173,3.4343946,beyond
mexico,20382,-97.49146092084229,16.917932987409507,54,2.5397387,beyond
mexico,20383,-97.56996262698385,17.35733813727683,35,3.0815043,beyond
mexico,20384,-96.67298918043979,16.326095133194848,752,2.5722165,beyond
mexico,20385,-96.74105422025951,17.02095786657849,701,1.440539,train
mexico,20386,-97.49397346185235,16.536368350894694,20,3.4485245,beyond
mexico,20387,-96.80324544396939,16.78464058024144,427,2.7735786,beyond
mexico,20388,-96.86074206939763,16.92775445404147,82,3.0623283,beyond
mexico,20389,-96.7581177557815,16.807591423023492,352,2.4452899,beyond
mexico,20390,-96.6893343828681,17.06520829060497,1302,1.329559,beyond
mexico,20391,-96.61862082306544,16.187069692270164,138,2.095743,beyond
mexico,20392,-97.6644980499086,16.97100285212192,88,2.6289775,beyond
mexico,20393,-96.68101979408476,16.7372659596699,724,2.1922023,beyond
mexico,20395,-97.09839445325969,17.632744245637788,191,2.8979123,beyond
mexico,20396,-96.81616192963597,18.10870888222871,121,3.5893466,beyond
mexico,20397,-97.67746636869056,17.26742086926627,259,1.4049175,beyond
mexico,20398,-96.84447173913115,16.685782880241153,175,2.5927646,beyond
mexico,20399,-96.77107356916238,17.09193963406496,827,1.8201002,beyond
mexico,20400,-97.69548962813411,17.89679905331887,182,2.6595626,beyond
mexico,20401,-97.05332240570267,15.854739940101052,98,2.1858268,expansion
mexico,20402,-98.28719500749912,16.45160605699293,67,2.9119623,beyond
mexico,20403,-96.7048651854085,16.968178135373364,51,2.0045714,train
mexico,20404,-97.28255705194476,17.525588285293683,86,2.5155714,beyond
mexico,20405,-97.63212153889081,17.589162645196122,29,2.2549133,beyond
mexico,20406,-96.82976168677838,18.233931197676185,36,2.9491994,beyond
mexico,20407,-94.68367905263642,16.90661604714994,72,3.1920652,beyond
mexico,20408,-97.59351816275166,17.351299085990362,44,2.8024824,beyond
mexico,20409,-96.63134604316505,17.04547544393708,804,1.9961214,beyond
mexico,20410,-95.87948535396349,16.284729397200934,25,2.5064821,beyond
mexico,20411,-96.60451166238744,17.0015760308651,196,2.0160012,beyond
mexico,20412,-95.35345749031748,16.738714404220364,44,3.1030328,beyond
mexico,20413,-96.13368821275833,15.768093840190641,224,1.6529958,expansion
mexico,20414,-97.91288525883664,16.302037501476022,106,3.8083649,beyond
mexico,20415,-98.03052904861802,16.640066158432248,41,3.256849,beyond
mexico,20416,-97.19279314202012,17.853890187366922,40,2.862524,beyond
mexico,20417,-96.20711388075223,17.86133526943318,39,2.5388358,beyond
mexico,20418,-95.44420606489234,16.440498789735617,262,2.2856774,beyond
mexico,20419,-96.52593758508365,17.36106242365795,200,2.2509627,beyond
mexico,20420,-97.01786217942549,16.729863535983263,140,2.453783,beyond
mexico,20421,-95.25766874353712,16.37705630839049,52,2.441495,train
mexico,20422,-97.33611481109024,17.66261158438173,210,3.0305848,beyond
mexico,20424,-96.37080532860486,16.134778447999285,124,2.2617345,beyond
mexico,20425,-96.79867239435258,17.783734669709403,41,2.7432885,beyond
mexico,20426,-97.00177564029325,17.0808935398059,82,3.9161146,beyond
mexico,20427,-95.09366889631077,16.844912018178153,205,3.0055912,beyond
mexico,20429,-97.0094008174339,16.568966996927173,338,2.5448847,beyond
mexico,20430,-97.39517593573294,17.142961081587377,48,2.3334682,beyond
mexico,20431,-97.02156111193682,17.954546896115183,100,2.9521995,beyond
mexico,20432,-96.16119255062122,17.380980760634653,61,2.845646,beyond
mexico,20433,-97.19709166754207,16.16534785312914,54,3.494931,beyond
mexico,20434,-96.95243237591002,18.166917291518313,281,3.204984,beyond
mexico,20435,-96.00815562624231,16.997083421234827,79,3.148175,beyond
mexico,20436,-97.06498010036225,17.712404174533447,36,3.1279526,beyond
mexico,20437,-96.06228618113303,17.09612211292798,111,3.0910037,beyond
mexico,20438,-96.7361299223389,17.950088112577134,204,3.1316092,beyond
mexico,20439,-96.54385325068782,15.738886103292668,91,2.3173995,beyond
mexico,20440,-95.62533404190891,16.6007276783806,45,3.8108335,beyond
mexico,20441,-95.01938253357618,16.366572497602217,43,3.6126533,train
mexico,20442,-96.2627361303183,17.2395935544689,138,2.2982202,beyond
mexico,20443,-96.42913402834644,17.235018020254852,131,2.9900842,beyond
mexico,20444,-97.50421328748172,16.876449736135637,36,2.493977,beyond
mexico,20445,-97.5152840772511,17.119783989923476,72,2.7959535,beyond
mexico,20447,-97.99112607282484,16.76170245692331,83,3.8956773,beyond
mexico,20448,-97.33589521494847,16.65488835490491,28,3.5414085,beyond
mexico,20449,-96.35309055355914,16.558690650595175,34,3.0219283,beyond
mexico,20450,-97.49537637488359,16.643644570062857,133,3.837974,beyond
mexico,20451,-97.13586401230657,17.647639325048548,116,2.6626105,beyond
mexico,20452,-96.71774581164273,16.800901111028143,1271,2.860188,beyond
mexico,20453,-95.67563842249167,15.985478184223648,114,2.7178993,beyond
mexico,20455,-97.95689245757843,17.934631916077002,218,2.3290088,beyond
mexico,20456,-97.74210207206619,17.720940200966286,68,3.5083916,beyond
mexico,20457,-96.18406421107521,17.44520282472496,39,3.5687273,beyond
mexico,20458,-96.548644450291,17.565594900920914,85,3.1066406,beyond
mexico,20459,-97.68085017233128,18.193092018682982,84,3.702853,beyond
mexico,20460,-95.92050506560463,17.35960612435475,72,3.4927313,beyond
mexico,20461,-98.08872594798272,17.454696999141714,33,3.5845795,beyond
mexico,20462,-97.73436242051956,17.826553781884545,55,1.9870342,train
mexico,20463,-97.06645220714898,17.448199430325623,60,2.3588147,beyond
mexico,20464,-97.4267063344921,17.84385134291414,300,2.1890085,beyond
mexico,20465,-95.62390668596558,16.934553559856468,36,3.295866,beyond
mexico,20466,-97.65313116684389,16.567099568275804,34,2.8731549,beyond
mexico,20467,-97.82247249922698,16.282896175937225,257,3.4181533,beyond
mexico,20468,-95.87446257838799,17.587799572710882,24,2.898101,beyond
mexico,20469,-98.00988925704848,17.33412130163628,332,2.1392741,beyond
mexico,20470,-95.52641961917445,16.69002623973039,50,2.4579568,beyond
mexico,20472,-95.20580913614674,16.582978472528147,136,2.4308386,beyond
mexico,20473,-96.31307458972282,17.21971554447081,50,3.279469,beyond
mexico,20474,-98.28637726661569,16.492391469004314,184,2.430391,beyond
mexico,20475,-96.40477735782542,16.84068793472276,625,2.6338427,beyond
mexico,20476,-97.69024400674449,17.984416784060222,53,2.6216252,beyond
mexico,20477,-97.22536554865164,16.42137285788957,68,2.651579,beyond
mexico,20478,-96.92050091110389,17.509702643647454,85,2.9764044,beyond
mexico,20479,-97.3737885180801,17.4195485988364,199,3.081005,beyond
mexico,20480,-97.67755303371443,17.331157480419737,73,3.2928886,beyond
mexico,20481,-97.7655037333658,17.013459593653273,26,1.9868385,beyond
mexico,20482,-98.0956675694367,16.33975308543799,466,2.4732237,beyond
mexico,20483,-96.87128276919394,17.24772011457504,1156,2.5329504,beyond
mexico,20484,-98.22196235682553,17.669113616912355,69,3.0312114,beyond
mexico,20485,-98.44777447659787,16.341055107793725,37,2.9011006,beyond
mexico,20486,-97.46973860411366,17.664327879174614,58,2.2288928,beyond
mexico,20487,-97.0033848472238,17.32398793396679,116,3.2267327,beyond
mexico,20488,-97.40037868820774,17.782307881023076,46,2.334102,beyond
mexico,20489,-97.74729294013754,16.32202020850623,28,2.950918,beyond
mexico,20490,-96.96912294033001,18.20675081359063,378,3.1140318,beyond
mexico,20492,-97.339535459488,17.283751660666624,225,2.821691,beyond
mexico,20493,-97.32009803588889,17.460908185610503,73,2.3945131,beyond
mexico,20494,-96.99404495213437,17.029325035637086,100,3.3890886,beyond
mexico,20496,-96.42914206073868,17.292678505151112,298,2.7273235,beyond
mexico,20497,-97.26676245264903,16.226226415783497,218,3.1868,beyond
mexico,20498,-95.69963342368668,17.336772785179978,39,2.5029192,beyond
mexico,20499,-97.5704513657137,17.473051524992435,64,2.1363723,beyond
mexico,20500,-97.57844652519309,16.87986539564874,66,2.0172768,beyond
mexico,20501,-98.19638293708681,17.60820293163862,74,2.7004113,beyond
mexico,20502,-95.91500186953557,17.16069333720055,89,3.276288,beyond
mexico,20503,-96.24239195782508,17.220664241207935,54,2.342352,beyond
mexico,20504,-96.62250210377613,17.28682768759401,37,2.5215294,beyond
mexico,20505,-94.76747901357143,16.586306130630785,163,2.8092551,beyond
mexico,20506,-96.20002655758994,17.0671020819722,25,3.1131918,beyond
mexico,20507,-98.37919808424317,16.33367252523932,73,2.897462,beyond
mexico,20508,-95.16182584785938,16.59114527711485,89,1.9109774,beyond
mexico,20509,-96.67028719372924,15.830968786690642,59,3.443704,beyond
mexico,20510,-97.53195518831785,16.911565717419606,36,2.7318163,beyond
mexico,20511,-97.12024027713484,17.223086315748624,51,3.3616614,beyond
mexico,20512,-96.3107697881898,16.150303931538964,58,2.8582163,beyond
mexico,20513,-95.1399005990746,16.8185763044005,222,3.0680232,beyond
mexico,20514,-96.1164761720803,17.337796587540254,46,3.163235,beyond
mexico,20515,-95.23948426892039,16.3156495751506,682,1.9775201,train
mexico,20516,-97.221450881397,16.59540204464335,154,3.4465888,beyond
mexico,20517,-96.05810624368833,16.956295181479742,113,2.5989294,beyond
mexico,20518,-97.34190244024553,17.408780225668885,345,3.0578933,beyond
mexico,20519,-96.62166248144798,17.05944716992305,345,2.3665323,beyond
mexico,20520,-97.96197137453552,17.67853371651314,101,2.1462038,beyond
mexico,20521,-97.3568727741012,17.61070130422944,51,2.9024627,beyond
mexico,20522,-96.2650620264201,17.153120506136084,171,2.6411953,beyond
mexico,20523,-97.34336463397982,17.527065930583518,82,2.963518,beyond
mexico,20525,-94.35511404222125,16.479618026272988,217,2.6224105,beyond
mexico,20526,-97.14384915273328,16.107035321722357,110,2.9190965,beyond
mexico,20527,-96.86353632775483,17.805353942983707,124,3.0734806,beyond
mexico,20528,-97.94322344008046,17.44032090800484,152,1.9574553,beyond
mexico,20529,-98.0028528586761,17.77796243861552,66,3.0862875,beyond
mexico,20530,-96.67106429897927,16.845745440066878,272,2.796423,beyond
mexico,20531,-96.87483418101772,17.17101458222121,728,2.71195,beyond
mexico,20532,-97.7618505798483,17.144616010080057,38,2.522116,beyond
mexico,20533,-96.58273833651162,16.267432011374247,758,2.9268603,beyond
mexico,20534,-96.84347745950664,16.390035763889564,84,2.3836946,beyond
mexico,20535,-97.01707468714667,16.703360866696347,122,2.4440484,beyond
mexico,20536,-97.44224756937173,17.456959715116376,31,2.7416003,beyond
mexico,20537,-98.1390721775128,17.50261983569201,69,2.2554197,beyond
mexico,20538,-96.53320019941631,16.349564390304245,859,2.8765674,beyond
mexico,20539,-96.82489022885213,17.16854811374313,897,2.1815689,beyond
mexico,20540,-97.57213951779414,17.67679554031419,159,1.9215956,beyond
mexico,20541,-96.30083611934525,17.376251520408704,90,3.1560242,beyond
mexico,20542,-96.75381041424642,16.568420798840805,259,2.4548213,beyond
mexico,20543,-97.51293697305395,16.29614156659034,98,3.2465231,beyond
mexico,20544,-96.61771185183233,17.349485376331593,133,2.2092502,beyond
mexico,20545,-97.07368337534619,18.132807856795004,481,1.8836951,beyond
mexico,20546,-96.51759408775811,17.028096031021306,457,2.4759429,beyond
mexico,20547,-97.53596123714019,17.72658757983962,193,2.3016548,beyond
mexico,20548,-97.3622373885113,17.875762266187227,391,2.042592,beyond
mexico,20549,-97.8106598984383,17.65064013337576,69,2.1011531,beyond
mexico,20550,-96.56057791070208,17.01086172740726,1402,2.4238439,beyond
mexico,20551,-96.47647174530755,16.956041891487416,1577,2.0761595,beyond
mexico,20552,-97.43749199992884,17.850352900063054,387,2.5497324,beyond
mexico,20553,-96.64674369547511,17.07011898176699,2407,1.9920982,beyond
mexico,20554,-96.02808253034458,17.25888407914483,66,3.5581334,beyond
mexico,20555,-96.76378610779503,16.92208310511021,127,2.154807,beyond
mexico,20556,-97.50521890269792,17.77068357364777,232,1.8826005,beyond
mexico,20557,-94.83399430077117,16.47513196334479,177,1.9024706,beyond
mexico,20558,-96.9782867243318,17.77196700088704,60,2.7661345,beyond
mexico,20559,-96.30372420824872,17.775904929360017,103,2.760608,beyond
mexico,20560,-96.42664329130355,17.004191759385996,590,2.9980366,beyond
mexico,20561,-96.47153186043035,16.72607981589501,192,2.7904928,beyond
mexico,20562,-97.35655414745627,17.381142585932704,791,3.1371765,beyond
mexico,20563,-96.78129097153241,16.455284644132384,378,3.3158352,beyond
mexico,20564,-97.29992883853012,17.03913366596474,160,3.3538032,beyond
mexico,20565,-96.7511276264321,16.945217096087564,989,2.3429985,beyond
mexico,20566,-97.48449369374158,16.73433974664246,88,3.0930898,beyond
mexico,20567,-98.38949036628857,17.756298970157804,98,2.2809196,beyond
mexico,20568,-97.82399660364038,17.89031953130868,78,3.0022452,beyond
mexico,20569,-97.15897590217143,17.2294045126628,45,3.2755482,beyond
mexico,20570,-96.78436033830005,16.863968172758373,1512,2.495459,beyond
mexico,21001,-97.95033961766376,19.068785846491004,1806,2.7806687,expansion
mexico,21002,-97.21069660641,20.130587233295955,59,3.7479725,beyond
mexico,21003,-98.04872117855768,18.22273289047845,460,2.6409686,beyond
mexico,21004,-97.76518304959214,18.98872158366505,445,2.8171618,beyond
mexico,21005,-98.71261377067857,18.76412513937272,94,1.5674255,beyond
mexico,21006,-97.85518179502436,20.047962014927688,252,3.4981174,beyond
mexico,21007,-98.25707510981786,18.571786571688982,52,2.886468,beyond
mexico,21008,-98.16272217324457,20.044516985063304,82,2.124882,beyond
mexico,21009,-98.21992707729095,18.213886701272344,177,2.632198,beyond
mexico,21010,-97.25890415958654,18.376642870308554,992,1.8467511,beyond
mexico,21011,-98.54127202874137,18.016807891154382,92,2.873268,beyond
mexico,21012,-97.53079746089836,19.095884646130347,263,2.2594812,beyond
mexico,21013,-97.2982885980942,18.369811324239027,414,1.5887076,beyond
mexico,21014,-97.7990021150341,20.047257472351674,186,2.8353279,beyond
mexico,21015,-98.03976005445027,19.045457902691766,465,2.2775586,expansion
mexico,21016,-97.93605652099869,19.796860378400225,157,2.7145581,beyond
mexico,21017,-97.44155562749322,19.835633970268425,1380,3.2371073,beyond
mexico,21018,-97.73435110896128,18.401626665393863,92,2.1673775,beyond
mexico,21019,-98.4583620809446,18.9114113853124,1642,1.7865268,train
mexico,21020,-97.91463063300121,18.82054462669929,372,2.7831438,beyond
mexico,21021,-98.55446944729053,18.54392475759776,62,2.1077414,beyond
mexico,21022,-98.62334269103003,18.830856663499553,137,2.9958801,beyond
mexico,21023,-97.32445934770884,18.897370096533123,123,3.4070933,beyond
mexico,21024,-98.38991487812127,18.189203843961888,37,2.0649014,beyond
mexico,21025,-97.4105360957987,20.097798156095944,44,2.8146384,beyond
mexico,21026,-98.46969812755654,19.103176948091928,1121,2.6703618,beyond
mexico,21028,-97.75813648572124,20.037412604654076,56,2.684522,beyond
mexico,21029,-97.61001609471086,20.0648515641627,200,2.8786552,beyond
mexico,21030,-97.73149221348176,20.060309503055997,23,1.8470069,beyond
mexico,21033,-98.72042852047574,18.783098725952968,82,2.6851883,beyond
mexico,21034,-98.29720473956452,19.132980604091973,2225,2.2459605,beyond
mexico,21035,-97.15597379184449,18.274407272225393,217,2.7827935,beyond
mexico,21036,-96.98789893152875,18.279853670323405,128,3.4578342,beyond
mexico,21037,-97.83284529898025,18.402505787276898,201,2.5409498,beyond
mexico,21038,-97.82356851556716,18.915231089721583,389,2.949803,expansion
mexico,21039,-97.79531751432124,19.915372269360308,48,3.9905436,beyond
mexico,21040,-98.01389890080192,18.948995731563834,142,2.1852298,beyond
mexico,21041,-98.2704940955463,19.112701228402614,336,1.5327696,beyond
mexico,21042,-98.1831452851052,18.48554453189876,76,2.4846897,beyond
mexico,21043,-97.53451525329967,20.02813010433958,350,2.9517212,beyond
mexico,21044,-97.61975466675983,19.55099427767458,434,2.2782557,beyond
mexico,21045,-97.44224411092374,18.99247871306852,348,2.1144161,beyond
mexico,21046,-97.4088732322343,18.611328902902766,162,2.2483418,beyond
mexico,21047,-98.65327020137688,18.382762780542283,842,2.4670782,beyond
mexico,21048,-98.48254358649038,19.203841021091883,661,2.590501,beyond
mexico,21049,-97.93805530394032,20.094671646626807,64,3.0352309,beyond
mexico,21050,-97.06733087814482,19.199407118843453,45,3.6707501,beyond
mexico,21051,-98.60000244453293,18.513572502349188,511,2.3813279,beyond
mexico,21052,-98.07227256573488,18.644514081758032,362,3.1720142,beyond
mexico,21053,-98.02045171286417,19.8422099870789,578,2.3902652,expansion
mexico,21054,-97.39647898806666,19.80638574550841,257,2.985576,expansion
mexico,21055,-97.86497163036857,17.967766905446272,156,2.2038786,beyond
mexico,21056,-98.48296330900914,18.10734478986428,27,2.523454,beyond
mexico,21057,-98.21255996495124,20.238443789185474,20,1.9457521,beyond
mexico,21058,-97.19725012354291,19.251927427650706,232,3.326069,beyond
mexico,21059,-98.26227297037121,18.20628307962507,351,2.833812,beyond
mexico,21060,-98.45246314316331,19.139939569273395,256,2.7699254,beyond
mexico,21061,-96.95271836397694,18.500919088241357,31,3.2385187,beyond
mexico,21062,-98.36936303316546,18.64465104391265,270,2.2017612,beyond
mexico,21063,-97.3760419077271,18.859560173768926,81,1.9542856,beyond
mexico,21064,-97.85014278323098,20.732928931545807,97,2.6983535,beyond
mexico,21065,-97.67951797517999,19.00072148393984,360,2.875269,beyond
mexico,21066,-98.1223649746125,18.088972261628992,371,2.9542196,beyond
mexico,21067,-97.34252798423428,19.28943374871403,196,3.5778415,beyond
mexico,21069,-98.50968509488902,18.770801885440896,231,2.5553806,beyond
mexico,21070,-98.04650458949766,18.68260529523103,238,3.2679942,beyond
mexico,21071,-98.03550344042618,20.17969287890756,781,2.0904138,expansion
mexico,21072,-97.6245896409306,20.10496394845711,34,3.0877805,beyond
mexico,21073,-98.72620431061475,18.417346891957237,203,2.668448,beyond
mexico,21074,-98.42297830409629,19.16530498480599,1616,2.2575064,beyond
mexico,21075,-97.44195428156297,19.888580852311847,637,3.5021393,beyond
mexico,21076,-97.2892203282816,19.94099206219155,127,2.300039,beyond
mexico,21077,-97.6958133325745,20.027815602534012,114,2.6960988,beyond
mexico,21078,-97.6937853470277,19.97014818217384,109,3.2452826,beyond
mexico,21079,-97.88209343316272,18.770627472717766,507,2.5003202,beyond
mexico,21080,-97.6239174769309,20.013747477569723,82,2.2888272,beyond
mexico,21081,-98.69632846861471,18.03178018041794,72,2.1323924,beyond
mexico,21082,-97.83244110819173,18.461708773074914,163,1.9799279,beyond
mexico,21084,-97.6461225798992,20.024812798433675,126,2.8136961,beyond
mexico,21085,-98.4750050714848,18.590764421918525,1065,2.0332847,beyond
mexico,21086,-97.94350980704235,20.475120425085475,22,3.4305742,beyond
mexico,21087,-98.84303812760247,18.32306318551442,70,1.9775829,beyond
mexico,21088,-97.57537469411112,20.030628324788733,172,2.046727,beyond
mexico,21090,-98.35111998223735,19.11539622545536,840,2.3986368,beyond
mexico,21091,-98.00713386855531,20.21080235892297,76,1.4804211,expansion
mexico,21092,-97.77295549964812,18.544010288426723,71,2.9587262,beyond
mexico,21093,-97.29649125350478,19.295983742433958,66,2.801327,beyond
mexico,21094,-97.68656229964947,19.46504040469362,256,2.2849844,beyond
mexico,21097,-97.89637656883218,18.902889601743716,131,2.429154,expansion
mexico,21098,-97.91182075868326,18.737580089536745,126,2.501856,beyond
mexico,21099,-97.43382843738652,18.727838235889763,261,2.3686986,beyond
mexico,21100,-98.1060164543212,20.233897951781895,77,3.726782,beyond
mexico,21101,-97.60157122864565,19.96079333364233,135,3.0871973,beyond
mexico,21102,-98.42687973820232,19.052802238167004,547,2.4800584,beyond
mexico,21103,-97.37385885074019,18.634506598278072,185,2.7480402,beyond
mexico,21104,-97.83397068919624,19.20074761937322,364,2.7129414,expansion
mexico,21105,-97.6497225059822,19.55552512579307,106,2.7114582,beyond
mexico,21106,-98.30709176779665,18.972756465958298,756,1.6239533,train
mexico,21107,-97.68363197899939,20.102405803877353,20,1.7494624,beyond
mexico,21108,-97.6183825319585,19.377264754489985,90,1.8017675,beyond
mexico,21109,-98.14920873429276,20.279264461620812,269,2.7914913,beyond
mexico,21110,-97.56807735887973,18.84752192544062,912,3.0422447,expansion
mexico,21111,-97.88550453497102,20.524949993190624,87,3.2672768,beyond
mexico,21112,-97.91822225255885,18.085966321203433,93,2.2044816,beyond
mexico,21113,-98.25465504148927,18.198077327652886,123,2.5371544,beyond
mexico,21114,-98.21769732694929,18.96489579615811,1814,1.2121823,train
mexico,21115,-97.66338920932354,18.93926024905678,975,2.956947,beyond
mexico,21116,-97.13728782745318,19.252276758876445,78,3.5535736,beyond
mexico,21117,-97.81631171308952,19.24782380488212,318,2.1566935,beyond
mexico,21118,-97.82578241940452,18.962007565332332,309,2.7642813,expansion
mexico,21119,-98.30259945763028,19.02447324366776,1366,1.899621,beyond
mexico,21120,-97.29113752587911,18.51051581166156,164,2.7384536,beyond
mexico,21122,-98.49324281497856,19.24064485168837,252,2.6455555,train
mexico,21124,-97.34376231607897,18.332992292748298,312,2.1530423,beyond
mexico,21125,-98.33843769149588,19.013847557210887,482,2.0286016,beyond
mexico,21126,-98.39886003908565,19.01391809155078,140,2.8753068,beyond
mexico,21127,-97.91364099216412,18.215099975042854,448,3.1298995,beyond
mexico,21128,-97.76772842616748,19.239959121481885,196,2.1732252,beyond
mexico,21129,-97.28823140324698,18.291175328405263,167,2.8805382,beyond
mexico,21130,-97.5388212536742,19.084892760732142,122,2.6841407,beyond
mexico,21131,-98.0251387858027,18.745282416958915,42,3.343096,beyond
mexico,21132,-98.43974749471626,19.270378216500706,1678,1.8752909,train
mexico,21133,-98.34662346773183,18.652156125511823,42,2.0220876,beyond
mexico,21134,-98.49919776080156,19.32225260940037,120,2.3695765,train
mexico,21135,-97.7741634372157,18.000408055195077,38,2.047949,beyond
mexico,21136,-98.31179175095741,19.168719669823428,394,1.9172369,beyond
mexico,21137,-97.50956264606577,19.306862736927695,42,3.2807353,beyond
mexico,21138,-98.49269762563189,19.073941834262982,358,2.9580956,beyond
mexico,21139,-98.08545101817121,18.12286795944211,267,3.1597774,beyond
mexico,21140,-98.33665738178325,19.064086890838215,2794,2.2203586,beyond
mexico,21141,-98.07687728060627,18.119044374077166,172,2.7748778,beyond
mexico,21142,-97.59267608860269,19.108491979763993,100,2.9068344,beyond
mexico,21143,-98.49386682788327,19.278254750862526,427,2.5270636,train
mexico,21144,-97.77498631524097,18.91646520556909,202,2.62049,expansion
mexico,21145,-96.84933767307733,18.404420739819937,32,2.6253042,beyond
mexico,21146,-98.08114607823705,18.614819997272082,155,2.8394544,beyond
mexico,21147,-98.02026412066269,18.412115130639606,114,2.9471045,beyond
mexico,21148,-98.37083381563961,18.97610870996751,554,2.53376,train
mexico,21149,-97.43770710402639,18.5383701986708,563,2.3360271,beyond
mexico,21150,-98.16546080264978,18.73634990282126,82,2.9744434,beyond
mexico,21151,-97.85846947990518,18.88746190718199,232,2.930754,expansion
mexico,21153,-97.95014639592229,18.89519393483382,427,2.520112,beyond
mexico,21154,-97.74062046544901,18.872308496109465,1139,2.3050737,expansion
mexico,21155,-98.31245854578749,18.113846786590205,66,2.9489632,beyond
mexico,21156,-97.4202633284482,18.475747823301,2627,1.6584953,beyond
mexico,21157,-98.27294450014367,18.331855905604836,175,2.2102053,beyond
mexico,21159,-98.26260422412048,18.712105842173465,45,3.533033,beyond
mexico,21160,-98.77761075051342,18.468914651803733,85,2.9516249,beyond
mexico,21161,-97.53719961073006,18.517941300693764,396,2.6129754,train
mexico,21162,-97.7978854122566,20.00415563776264,327,3.0474565,beyond
mexico,21163,-97.97205178627561,19.07999296059064,188,2.9654722,expansion
mexico,21164,-97.89879345423752,18.961737233742653,1314,2.3327026,expansion
mexico,21165,-98.6280613131937,18.737216223143353,45,2.6719787,beyond
mexico,21166,-98.44820606062598,18.72524135586983,146,2.2426224,beyond
mexico,21167,-97.84058838161236,19.96839276647196,45,2.5591269,beyond
mexico,21168,-98.65725970876491,18.639904602181844,222,2.501818,beyond
mexico,21169,-97.92857989991927,18.57934036331645,123,1.8407563,beyond
mexico,21170,-97.56026963326708,19.43112923662479,40,2.0817077,beyond
mexico,21171,-97.87697598195162,18.81361939982462,165,2.282838,beyond
mexico,21172,-97.80906150439101,19.81424090536103,83,2.6554863,beyond
mexico,21173,-97.4576599780748,19.85812319755468,514,2.080855,beyond
mexico,21174,-97.36146499416824,19.833229678296387,946,2.161972,expansion
mexico,21175,-98.44724634805826,18.978439961964405,90,2.9780347,train
mexico,21176,-98.55257840258297,18.59562997488987,180,2.3465724,beyond
mexico,21177,-97.64410555261972,18.66442666620471,1295,2.2425196,beyond
mexico,21178,-98.07162748831581,20.326049695225656,29,3.5268402,beyond
mexico,21179,-97.4237562649012,19.09777315164119,136,2.675873,beyond
mexico,21180,-98.53700504188595,19.293348879824688,100,3.002311,train
mexico,21181,-98.34286400107669,19.171942533884724,408,2.8018363,beyond
mexico,21182,-97.88866302478411,18.865699056799826,336,2.6120355,beyond
mexico,21183,-97.95034802923595,20.156406832615986,116,3.7922156,beyond
mexico,21185,-98.5340840125605,18.695998867630816,57,2.304452,beyond
mexico,21186,-97.51364655773901,19.812765076687654,1967,2.6525383,beyond
mexico,21187,-98.02805171642392,20.421722740885695,31,3.8758287,beyond
mexico,21188,-98.57617763902797,18.89636666819585,189,3.2966025,train
mexico,21189,-97.82729228019272,18.858067879237346,513,2.8381307,expansion
mexico,21190,-97.8549441264566,18.22364771634478,268,2.9298072,beyond
mexico,21191,-98.43873953821027,18.043774884077568,140,2.9567213,beyond
mexico,21192,-97.57520957779903,20.066329379553974,90,2.7546089,beyond
mexico,21193,-98.04866413662225,18.840220196822855,52,2.8136518,beyond
mexico,21194,-97.69249029738762,20.480204443153873,219,2.9764473,beyond
mexico,21195,-97.19799997492225,18.542577455461437,76,1.7854016,beyond
mexico,21196,-97.96977706285857,18.2346850789483,141,3.268886,beyond
mexico,21197,-97.96477126204499,20.25918738771924,58,1.9931391,expansion
mexico,21198,-98.5248324932161,18.060743564248323,48,2.9177678,beyond
mexico,21199,-97.329896331744,19.78437612969993,201,3.2848876,expansion
mexico,21200,-97.65661729567306,19.819634849328637,88,2.8948562,beyond
mexico,21201,-98.34024430673034,18.648901920804406,102,2.0621705,beyond
mexico,21202,-97.62008022609969,19.945629649836675,506,3.4813087,beyond
mexico,21203,-97.77628958675821,18.70331237993417,128,2.5710082,beyond
mexico,21204,-97.46653799042052,19.876786879949265,328,3.710014,beyond
mexico,21205,-97.66289839785802,18.76622174813467,476,2.375762,beyond
mexico,21206,-98.0655096061999,18.59597184688144,176,2.6011224,beyond
mexico,21207,-97.59458858843348,19.82611363964992,3003,3.1309657,beyond
mexico,21208,-97.96267394642722,19.953287010472792,878,2.0402436,beyond
mexico,21209,-97.47555588098179,18.329689443271683,95,2.3024957,beyond
mexico,21210,-97.71418101605678,20.002836755664777,94,2.4687066,beyond
mexico,21211,-97.55348736738372,19.769768372717298,344,1.8885326,beyond
mexico,21212,-97.59606426581651,19.71032410367588,107,2.741438,beyond
mexico,21214,-97.24506969818468,18.336500219672004,489,1.767452,beyond
mexico,21215,-97.72787926394727,19.979442413666426,116,2.7560074,beyond
mexico,21216,-97.59631620783748,20.006518013128712,143,2.969516,beyond
mexico,21217,-97.02997937211039,18.325406102175876,1440,3.5128374,beyond
mexico,22001,-100.14615263645571,20.18778666732199,87,1.8304167,beyond
mexico,22002,-99.62670417409902,21.13567833144752,24,2.0015035,beyond
mexico,22003,-99.69014574636229,21.548397024351132,44,2.5593462,beyond
mexico,22004,-99.82023991404924,20.69154344438066,570,1.6702416,beyond
mexico,22005,-100.13106725946058,20.62475233218574,158,2.204277,beyond
mexico,22006,-100.4308247341547,20.542322298851246,1300,0.65248054,test
mexico,22007,-99.86142486874479,20.648921540187647,701,1.8914762,beyond
mexico,22008,-100.31840274202916,20.447490730897943,65,2.0276256,beyond
mexico,22009,-99.47290768300645,21.219475593259137,136,1.6903359,beyond
mexico,22010,-99.31951166802679,21.184186031889315,45,2.2981548,beyond
mexico,22011,-100.31874331029456,20.64078790172155,696,1.2939174,beyond
mexico,22012,-100.13464327341568,20.489732434939615,875,2.2312143,beyond
mexico,22013,-99.81582461481543,21.053846137334816,33,2.027172,beyond
mexico,22014,-100.42160323512958,20.637620748338218,6443,0.7819204,test
mexico,22015,-99.56782906258942,20.914550571850718,36,2.6173902,beyond
mexico,22016,-99.99434628075626,20.40621625035429,3119,1.5636258,expansion
mexico,22017,-99.92955899107756,20.520775562380017,840,1.9822837,expansion
mexico,22018,-99.91345012857393,20.88441842946818,287,2.021218,beyond
mexico,23001,-86.93751315913606,20.507662693545985,840,1.3210835,expansion
mexico,23002,-88.04762835617224,19.584543248138395,238,2.68621,val
mexico,23003,-86.85179912638817,21.22315772636211,89,2.5597525,train
mexico,23004,-88.29868611333528,18.527092878711482,980,1.2149041,train
mexico,23005,-86.87480851460293,21.13791451378438,5398,1.3506888,train
mexico,23006,-88.70857980063288,19.749384572032874,245,2.5027428,beyond
mexico,23007,-87.4873835556693,21.101719965301378,174,3.1365347,beyond
mexico,23008,-87.07684337779926,20.655037623737435,1489,1.3176498,train
mexico,23009,-87.4684261049605,20.20347085884706,352,2.2963183,expansion
mexico,23010,-88.396581075817,18.677741345709297,246,2.191795,beyond
mexico,23011,-86.89730862272053,20.859511753858865,268,2.0391922,beyond
mexico,24001,-101.165197233839,22.39837453812704,100,2.0396442,beyond
mexico,24002,-99.5958172377641,22.12483040193697,50,2.2358103,beyond
mexico,24003,-99.01922503061421,21.622313791581412,72,3.0579085,beyond
mexico,24005,-99.64211000334754,22.00015853280237,210,1.7202277,beyond
mexico,24007,-100.72557850480813,23.818601720852183,233,1.963195,beyond
mexico,24008,-100.2849100236647,22.43111657216507,234,2.0170293,beyond
mexico,24010,-99.60404133434385,22.40224765657572,187,2.32277,beyond
mexico,24011,-100.03401167596394,21.93517820683323,846,1.8375156,expansion
mexico,24012,-98.96756251265398,21.59937931676457,80,3.0487587,beyond
mexico,24013,-99.0129466199691,21.996991723025914,1308,1.4632844,expansion
mexico,24014,-98.90593655122589,21.539099760888842,51,2.8309877,beyond
mexico,24015,-101.12203830805055,23.13147894117129,64,2.0027952,expansion
mexico,24016,-98.37650472688644,22.225071264741246,145,2.004961,expansion
mexico,24017,-100.3992232101791,22.617698963795345,66,2.051085,beyond
mexico,24018,-98.9666239122465,21.547703188467707,45,3.0992093,beyond
mexico,24019,-99.5668977928013,21.589588681139595,21,2.6436577,beyond
mexico,24020,-100.64058244767246,23.656272928657152,879,1.4164848,expansion
mexico,24021,-101.05331009448521,22.18996304352161,106,1.8115548,train
mexico,24022,-101.08457653388227,22.750246322923534,183,1.5666482,beyond
mexico,24023,-99.64233292992293,21.845468483429503,122,2.3158495,beyond
mexico,24024,-99.98865340736286,21.923688110263296,790,1.7495773,expansion
mexico,24025,-101.71239880453808,22.62365018373657,269,1.5766824,beyond
mexico,24026,-98.90263189737288,21.618628216446783,32,2.9797363,beyond
mexico,24027,-99.82046781135658,21.650745529142988,159,2.63206,beyond
mexico,24028,-100.96205032707437,22.139243821776667,5439,0.9872475,train
mexico,24029,-98.65739141087258,21.37089738491007,52,2.7452087,beyond
mexico,24030,-100.55431989323999,22.247853540972013,26,2.608048,beyond
mexico,24032,-100.73681548428212,21.80108061169834,254,2.094197,beyond
mexico,24033,-101.73794574165518,23.324611233941205,35,2.3662271,beyond
mexico,24034,-98.58607308890343,21.719846948158438,127,2.2716901,beyond
mexico,24035,-100.92932616644303,22.175911104232004,1524,1.0888338,train
mexico,24036,-99.39318422471102,21.938026505922828,154,2.575027,beyond
mexico,24037,-98.78385044702735,21.255865459775645,159,1.8179064,expansion
mexico,24038,-98.72862593530962,21.401010145650368,36,3.217286,beyond
mexico,24039,-98.81707633629675,21.559347254613304,47,3.0171418,beyond
mexico,24040,-98.7797476711081,22.007204039424956,162,1.7525355,beyond
mexico,24041,-98.88507508232405,21.66582002767597,53,2.8403776,beyond
mexico,24042,-98.66415782513343,21.604813386856808,168,1.9974011,beyond
mexico,24043,-100.57570211655721,21.666637221155224,99,2.0551724,beyond
mexico,24044,-100.95107198312725,23.884093127781966,44,1.9930992,beyond
mexico,24045,-101.08974097697887,22.93119871934469,192,1.9274017,beyond
mexico,24046,-101.38351359573458,21.90732055569864,106,1.6213386,beyond
mexico,24047,-100.7594008450869,23.372864601414193,42,2.4185796,beyond
mexico,24048,-100.70217345337255,23.675969406741846,114,2.0003672,expansion
mexico,24049,-102.03707323488263,22.803041644317265,77,2.1781266,val
mexico,24050,-100.94172836170102,21.80829255351224,73,2.027227,expansion
mexico,24051,-100.67839974257207,22.45243229375402,100,2.0149593,beyond
mexico,24052,-100.2691371445773,22.322622879752224,174,2.3016112,beyond
mexico,24053,-98.87303329265363,21.430400562331357,117,2.975324,beyond
mexico,24054,-98.992549799298,21.38492358900098,78,2.783028,beyond
mexico,24055,-100.73172745088608,22.038388560993077,75,2.014085,beyond
mexico,24056,-100.84656635781862,22.642718998285194,107,1.8657824,beyond
mexico,24057,-98.79023272057204,21.315841779679822,32,3.99459,expansion
mexico,24058,-99.32756814912908,22.525496746647875,188,1.7849175,beyond
mexico,25001,-108.99307524438731,25.79007800601238,2247,1.0865487,train
mexico,25002,-108.13951609328804,25.37576114295788,60,1.4092786,expansion
mexico,25003,-107.55222742206642,25.362459028778492,86,1.9770957,beyond
mexico,25004,-106.06500783677168,23.289054235042617,118,2.3905323,beyond
mexico,25005,-106.69212523923864,24.415421558686905,155,1.9930773,beyond
mexico,25006,-107.40917023526424,24.794114103130894,5376,0.9233321,val
mexico,25007,-108.3253282102487,26.70949654487939,131,1.689969,beyond
mexico,25008,-106.89188654482817,23.927060217803113,169,1.67929,expansion
mexico,25009,-105.78440421291192,22.84006958923391,74,1.8753682,train
mexico,25010,-108.61841223222308,26.420092226497886,43,1.6363971,train
mexico,25011,-108.47127907310701,25.570421847557224,895,1.2050747,train
mexico,25012,-106.41404506306901,23.25063832591857,3161,1.0297791,train
mexico,25013,-107.92192868721479,25.480843731130708,91,1.793318,beyond
mexico,25014,-105.86268849366486,22.992380276735712,192,1.534829,beyond
mexico,25015,-108.0909438236748,25.46386426336805,699,1.3600895,expansion
mexico,25016,-106.7799659855762,23.72175356217904,66,2.2059205,beyond
mexico,25017,-108.22510981946981,25.82430121336276,91,1.6832407,beyond
mexico,25018,-107.551187331096,24.712719466259784,196,2.34266,val
mexico,26001,-110.22482880265203,29.825101628221475,84,2.1863256,beyond
mexico,26002,-109.55007062887297,31.313590231320436,1256,1.4354213,train
mexico,26003,-108.93988006112937,27.02747606429917,289,1.8348414,beyond
mexico,26004,-111.836081332689,30.716068507939397,189,1.6290826,beyond
mexico,26006,-110.16740779488448,30.33794136559814,46,2.2576265,beyond
mexico,26007,-111.58466734749028,30.844520168543063,29,2.2306004,beyond
mexico,26008,-109.14103288303029,29.80787052487462,33,2.481011,beyond
mexico,26010,-108.93105990533377,30.35814399573065,34,2.5383983,beyond
mexico,26011,-109.96596114689419,30.630871627673066,40,2.299123,beyond
mexico,26012,-110.13911956778,27.506316052899308,73,2.0643268,expansion
mexico,26013,-110.21524094749151,30.007640847193564,45,2.5413613,beyond
mexico,26014,-110.1608286463195,29.715336599749296,77,2.0333207,beyond
mexico,26015,-108.94370356444796,30.477849601103248,25,1.8764819,beyond
mexico,26016,-111.11217142091219,30.169861586446284,148,1.9131123,beyond
mexico,26017,-112.16227887661039,30.721553136613462,1024,1.2362235,train
mexico,26018,-109.93805417138242,27.49693581279537,2945,0.9212949,train
mexico,26019,-110.28183126759883,30.986839173957485,594,1.2582215,expansion
mexico,26020,-110.95901535670262,29.68396905177254,72,2.0492408,beyond
mexico,26022,-110.70274090919452,30.32919985955334,26,2.4311812,beyond
mexico,26023,-109.78156275885034,29.997802465324963,132,1.8902471,beyond
mexico,26024,-109.468553854038,29.613999247567996,31,2.7190456,beyond
mexico,26025,-110.81596164601345,27.963196702186213,281,1.4601407,train
mexico,26026,-109.66062093435235,26.968866098853542,241,2.235911,expansion
mexico,26027,-109.58559994314442,30.723493746149128,115,1.8845867,beyond
mexico,26028,-109.31156610046976,29.86134993418148,58,2.6633244,beyond
mexico,26029,-110.92561272452694,27.927637336244093,515,1.1953609,train
mexico,26030,-110.97558154262452,29.088095212470307,7773,0.82764214,train
mexico,26031,-108.96027320288601,30.20780968457986,32,2.0761027,beyond
mexico,26032,-109.30213694440341,29.906910809634386,68,2.3938797,beyond
mexico,26033,-109.63955918450218,26.827351828371977,338,1.7943404,expansion
mexico,26034,-110.21277515397524,29.912522592211985,54,2.1678042,beyond
mexico,26035,-110.84458130530948,30.78741874543953,160,1.5962445,beyond
mexico,26036,-110.9637890686672,30.635592776911786,279,1.4058688,expansion
mexico,26037,-110.13917734250349,29.005353254732064,46,2.3766744,beyond
mexico,26038,-109.67888487065038,29.808201402320524,129,1.8369087,beyond
mexico,26039,-109.94631746841492,31.322405363161874,148,1.8666149,beyond
mexico,26040,-108.98128026168514,29.684767929833082,33,2.4923809,beyond
mexico,26041,-109.69212736993691,30.37513477877187,105,1.040292,expansion
mexico,26042,-109.44559440379624,27.074759259778233,1223,1.5056431,expansion
mexico,26043,-110.9497992294533,31.282938834921936,1892,1.1800312,test
mexico,26046,-111.73491731053036,30.742681243296484,22,2.2427049,beyond
mexico,26047,-112.05713441079712,30.675894934134266,141,1.662796,beyond
mexico,26048,-113.52099278986464,31.330617948215863,1370,1.2475331,expansion
mexico,26049,-109.253260792284,27.5199943400535,25,3.042411,beyond
mexico,26050,-110.56613033342623,29.711274606770353,49,2.070021,beyond
mexico,26051,-109.37106809281559,27.842514033613547,66,2.3649776,beyond
mexico,26052,-109.23542662587589,29.054907084028226,54,2.301662,beyond
mexico,26053,-110.2384628589173,29.862224378616272,47,2.6528163,beyond
mexico,26055,-114.77078760557876,32.44519525740873,2668,1.2874919,val
mexico,26056,-110.9038984898865,29.37628148932864,98,1.831517,beyond
mexico,26057,-109.74417691005233,29.289330417692543,49,3.069343,beyond
mexico,26058,-111.12141481148868,30.535185807364723,248,1.3808297,beyond
mexico,26059,-110.59675087672564,31.232837258386358,41,2.1444778,beyond
mexico,26062,-109.88829258780522,28.39318662788507,28,2.4221718,beyond
mexico,26063,-109.53103652802908,29.532026799147044,44,3.0635216,beyond
mexico,26064,-111.53224032707378,30.397869456664605,52,2.4425504,beyond
mexico,26065,-111.46346243960055,30.883705607043716,26,2.0272865,beyond
mexico,26066,-110.38516820933403,29.42639806174558,95,2.13055,beyond
mexico,26067,-109.3215912259883,30.16052408662477,41,2.7603655,beyond
mexico,26068,-109.96660342781684,29.11810655776161,20,2.7919915,beyond
mexico,26069,-108.93087016552482,28.368375697416905,103,2.0884738,beyond
mexico,26070,-112.85249773135405,31.862604786016917,323,1.747182,expansion
mexico,26071,-109.83538453906782,27.12892483462765,197,1.7150818,beyond
mexico,26072,-110.24377960662652,27.41409791075026,100,2.2406325,beyond
mexico,27001,-91.53576754327118,17.808401158900654,158,2.2648964,beyond
mexico,27002,-93.40831915625282,18.01818186589272,1390,1.8361444,train
mexico,27003,-92.64585722375699,18.53387861590692,194,1.3967333,beyond
mexico,27004,-92.93936632005162,17.987221369191758,3660,1.2235491,train
mexico,27006,-93.21243161931528,18.127269673644932,598,3.0198102,train
mexico,27007,-91.77475860273896,17.73746346554206,240,1.8502382,beyond
mexico,27008,-93.52236009728931,17.970681947654707,114,2.68852,train
mexico,27009,-92.81211804010249,17.722495936203973,52,2.3574755,beyond
mexico,27010,-93.07944260765164,18.18468022724724,590,2.6746695,beyond
mexico,27011,-92.13529952594752,18.095865828125962,94,2.0885997,beyond
mexico,27012,-92.50381987661844,17.85143207697273,363,2.3722696,expansion
mexico,27013,-92.98699859225457,18.116081091885388,406,2.0431473,train
mexico,27015,-92.82537112600936,17.595469401245914,45,1.9215212,beyond
mexico,27016,-92.95191407390803,17.560757942462676,243,2.0537624,beyond
mexico,27017,-91.41827837843587,17.4668725815713,490,1.697289,beyond
mexico,28001,-98.3784627903424,24.06009988450837,214,2.1197302,beyond
mexico,28002,-98.075280205338,22.922076158668684,237,1.8523655,beyond
mexico,28003,-97.90597081971865,22.381082858625213,2060,1.4151357,train
mexico,28004,-99.08479556692654,22.551601279263817,100,2.020785,beyond
mexico,28005,-98.80017765462436,24.94838042165686,70,2.3509457,beyond
mexico,28006,-99.7580916698289,23.435217580680966,45,2.1891663,beyond
mexico,28007,-98.83180233429887,26.317451116982262,232,1.4275895,beyond
mexico,28008,-98.73684020098115,23.72674760053631,35,2.6115174,beyond
mexico,28009,-97.83212935558642,22.301347737032728,714,1.1848873,train
mexico,28010,-98.53700927471814,24.754054929150566,36,2.7259288,beyond
mexico,28011,-99.02581905256378,22.883692316154907,52,2.1857266,beyond
mexico,28012,-98.32333490587328,22.733252104403615,130,2.2052264,train
mexico,28013,-99.00744373178992,23.918411295187877,96,1.9756507,beyond
mexico,28014,-99.22652704298271,26.56322324382262,226,1.7987409,beyond
mexico,28015,-98.5961208701404,26.22571568394835,222,1.7302237,beyond
mexico,28016,-99.43488112234641,24.24586748288091,157,2.1735427,beyond
mexico,28017,-99.3809022749865,23.405363986915066,162,1.8067201,beyond
mexico,28018,-98.48638364365343,24.217558916842627,146,2.4060526,beyond
mexico,28019,-99.02354263900637,23.316127922356003,155,1.8225485,beyond
mexico,28020,-99.61485616072447,24.560620989540546,42,2.0762417,beyond
mexico,28021,-98.98338696309797,22.745757083464305,831,1.3903317,expansion
mexico,28022,-97.5095402502376,25.84717714756145,4330,1.2726449,train
mexico,28023,-98.58858759201901,25.118183058221835,49,2.2463853,beyond
mexico,28024,-99.1510026476825,26.432080166410188,218,1.5216537,beyond
mexico,28025,-99.04745465448333,26.389437993382007,572,1.5284134,expansion
mexico,28026,-99.75516922660903,23.57646908367155,87,2.5420141,beyond
mexico,28027,-99.54361622696598,27.465418708298802,4530,1.346733,train
mexico,28028,-99.21853927219495,22.53589575143683,86,2.8665934,beyond
mexico,28029,-99.33549885165242,22.84403994461936,193,1.8169081,beyond
mexico,28030,-98.9020270002966,24.047277257920463,99,1.9472083,beyond
mexico,28031,-99.54964183660249,23.303664203126708,100,2.289188,beyond
mexico,28032,-98.30322007383825,26.050758253560712,5715,1.1304696,train
mexico,28033,-98.09498884813873,25.98984635532418,1012,1.6043649,expansion
mexico,28034,-98.94159082324411,24.58367385693793,47,2.5043597,beyond
mexico,28035,-98.14771988639659,24.846274794559694,775,1.9734578,train
mexico,28037,-98.20666633388467,23.769669541222573,167,2.005448,beyond
mexico,28038,-97.87715562804681,22.30203454633856,780,0.92041785,train
mexico,28039,-99.7182810554981,22.99649965364043,381,1.9619799,beyond
mexico,28040,-97.81876371346885,25.670128253648265,869,1.7315316,expansion
mexico,28041,-99.14372440979459,23.74526310112278,2324,1.0024143,test
mexico,28042,-99.49047982090642,24.47302763644621,52,2.0746357,beyond
mexico,28043,-98.94819976586376,22.985052506291108,234,1.7706846,beyond
mexico,29001,-98.16600101125847,19.355461012073516,608,1.5948998,expansion
mexico,29002,-98.19467658567999,19.35321619708971,799,1.6575503,expansion
mexico,29003,-98.20966341862838,19.534077622968987,74,2.5800474,beyond
mexico,29004,-97.80080272262485,19.421681885920933,345,2.6059825,beyond
mexico,29005,-98.12344797326809,19.41049735977527,1028,1.5707301,expansion
mexico,29006,-98.56373334579116,19.584668370966202,384,1.9358764,beyond
mexico,29007,-97.6486366533201,19.32678825734354,434,2.2629783,beyond
mexico,29008,-97.76936607052708,19.299087592681452,107,2.4459763,beyond
mexico,29009,-98.10134958550991,19.3543425621892,540,2.2879574,expansion
mexico,29010,-98.17826200294434,19.3022579556773,978,1.8977424,expansion
mexico,29011,-98.20742137742059,19.480020096644616,377,2.573848,beyond
mexico,29012,-98.4225691722563,19.46221719640819,134,2.1877313,beyond
mexico,29013,-97.9189919808254,19.318198915590187,1376,2.1622655,beyond
mexico,29014,-98.31747699690489,19.476610624973695,297,2.4151974,beyond
mexico,29015,-98.35499583755704,19.311899225322428,590,2.063348,beyond
mexico,29016,-97.89581562828664,19.25116207048369,277,2.6785405,beyond
mexico,29017,-98.18295993162117,19.182247425046913,871,2.0992465,beyond
mexico,29018,-98.16236073767895,19.330381415576642,671,2.0940783,expansion
mexico,29019,-98.38747340966302,19.27888659500262,317,2.189392,beyond
mexico,29020,-98.4658573954535,19.541280378603513,181,2.2351027,beyond
mexico,29021,-98.53704454980308,19.495129775201548,122,2.112717,beyond
mexico,29022,-98.19736896540932,19.22406973356293,242,1.9969767,beyond
mexico,29023,-98.3353048621953,19.245684960004862,305,2.4151726,beyond
mexico,29024,-98.28553349969741,19.32909906569599,291,1.6636645,expansion
mexico,29025,-98.1607008271718,19.128627635074658,1730,2.432776,beyond
mexico,29026,-98.13393130900128,19.355067371133746,1103,2.0015807,expansion
mexico,29027,-98.20375753613756,19.14489208318255,1344,1.8772198,beyond
mexico,29028,-98.1954480148194,19.239077089078567,1869,1.9442914,beyond
mexico,29029,-98.22784045409087,19.242230160873127,520,1.792222,beyond
mexico,29030,-97.94339984863075,19.46825471609582,163,3.114443,beyond
mexico,29031,-98.12152428182777,19.45290453227081,1520,2.0371199,expansion
mexico,29032,-98.28578070251213,19.237029703340436,276,2.0446024,beyond
mexico,29033,-98.23882341227369,19.30204926309532,1769,1.238733,expansion
mexico,29034,-98.12106521525915,19.623151005269808,817,2.4385693,expansion
mexico,29035,-98.02764272302271,19.390374379175537,187,2.0915396,expansion
mexico,29036,-98.25715175738236,19.327207438178462,205,1.2596673,expansion
mexico,29037,-97.91232295544454,19.204737660745682,445,2.8772027,beyond
mexico,29038,-98.10735719620504,19.381028092668053,1217,2.0873795,expansion
mexico,29039,-98.048979247303,19.40364027752516,1123,2.0898535,expansion
mexico,29040,-98.21745654488068,19.41666444602626,544,2.5339475,expansion
mexico,29041,-98.21039466468645,19.16894879417518,3464,1.9661422,beyond
mexico,29042,-98.24064558335245,19.171381919894145,1358,2.1614437,beyond
mexico,29043,-98.1757669853763,19.40131599214744,1206,1.5795921,expansion
mexico,29044,-98.24366305184492,19.20296924800215,2128,2.1080732,beyond
mexico,29045,-98.4271252960978,19.58650197704853,98,1.9075375,beyond
mexico,29046,-97.91695539448418,19.55777735516096,28,1.6653818,beyond
mexico,29047,-97.98279311628869,19.541132023737774,43,2.6543398,beyond
mexico,29048,-98.19161224362733,19.27797756034712,460,1.7308643,expansion
mexico,29049,-98.2861926989931,19.277204646329377,112,2.0425367,expansion
mexico,29050,-98.16576902854888,19.262548220965265,228,2.5527382,expansion
mexico,29051,-98.26438499232697,19.243273477020182,202,2.0521238,beyond
mexico,29052,-98.05390339359863,19.338482212516844,391,2.3756812,beyond
mexico,29053,-98.2498317182527,19.234870139608834,307,2.0378227,beyond
mexico,29054,-98.2516699858966,19.223771736242842,221,2.1013427,beyond
mexico,29055,-98.25462326894709,19.486613730986186,531,2.5246522,beyond
mexico,29056,-98.33597190298146,19.300596590310608,360,2.0841267,beyond
mexico,29057,-98.3116460974445,19.247057927674813,148,2.4843252,beyond
mexico,29058,-98.2187350358529,19.19596010747354,1455,1.9780246,beyond
mexico,29059,-98.22027886843391,19.213009419298036,606,1.9472864,beyond
mexico,29060,-98.20395943772243,19.259330806793862,432,1.6188222,beyond
mexico,30001,-97.01015986741494,19.58746135372015,28,3.0570743,beyond
mexico,30002,-96.84235795828138,19.69608359424796,134,3.6675649,beyond
mexico,30003,-94.92984603763439,17.961926016829988,808,2.0861473,expansion
mexico,30004,-96.47565385801465,19.50323355915255,65,3.0163276,beyond
mexico,30005,-95.77504749111299,18.505897067038596,37,2.3670845,beyond
mexico,30006,-97.30593700463925,18.718264089097385,246,2.4568057,beyond
mexico,30007,-96.61465132100041,19.02161910223532,40,2.5656662,beyond
mexico,30008,-97.09211995570087,19.118758686898378,73,3.2520065,beyond
mexico,30009,-96.7337812720636,19.62400869915609,43,2.5925333,beyond
mexico,30010,-97.24577020565329,19.76476149385456,370,3.1206958,beyond
mexico,30011,-95.764164022437,18.77557644015337,120,1.8849571,beyond
mexico,30013,-97.68433277998994,21.347026191517585,570,2.0200226,beyond
mexico,30014,-96.9109635920811,18.839658920860263,551,2.2434452,beyond
mexico,30015,-95.44466503248104,18.595194743005763,192,2.482938,beyond
mexico,30016,-96.3692287415913,19.367017226827866,588,1.8396057,beyond
mexico,30017,-96.71911825830507,19.320841209953603,28,2.5457025,beyond
mexico,30018,-97.30688127680975,18.79632407583302,38,2.7341788,beyond
mexico,30019,-97.1028419514239,18.567921031404207,33,3.1739423,beyond
mexico,30020,-97.09125775578687,18.69819539773744,68,2.2738154,beyond
mexico,30021,-96.79403456760151,18.895966756211294,222,2.559677,beyond
mexico,30022,-97.07233821424346,18.915585168291265,517,2.7798254,beyond
mexico,30023,-97.24200724476947,19.788058413739062,94,3.7440329,beyond
mexico,30024,-96.90096336441495,19.314345555027018,76,2.5692258,beyond
mexico,30025,-97.15140825607352,19.35156381853689,110,3.5384758,beyond
mexico,30026,-96.94661720383846,19.59162837311543,279,1.7013724,beyond
mexico,30027,-98.20694778766956,20.885367264838134,23,3.371868,beyond
mexico,30028,-96.11732524382549,19.1397958020032,680,0.8974693,train
mexico,30029,-97.08495967638663,19.12239980232615,30,3.330344,beyond
mexico,30030,-97.18379008280978,18.803833165616915,239,1.524789,beyond
mexico,30031,-96.57081522984875,18.79914177375176,21,2.2924793,beyond
mexico,30032,-95.11957904900935,18.424701796973636,73,2.380797,train
mexico,30033,-97.31076112354523,20.703039532559487,50,2.4056714,beyond
mexico,30034,-97.74078203955445,21.189516741205946,361,2.2245603,beyond
mexico,30035,-97.87820895540786,21.330269410833278,220,3.0661676,beyond
mexico,30036,-96.94092158842255,19.653003872259536,173,2.6194978,beyond
mexico,30037,-97.71640859629102,20.2696433597913,73,2.7302935,beyond
mexico,30038,-96.95397622364878,19.457277806190895,746,1.5601215,beyond
mexico,30039,-94.4470196176027,18.136874610662186,2378,1.3856199,expansion
mexico,30040,-97.46470479281821,20.489956675392982,110,1.1369731,expansion
mexico,30041,-96.91700344974068,18.784552871122983,37,2.2601242,beyond
mexico,30042,-96.7273588902009,19.923863422874764,38,3.6574366,beyond
mexico,30043,-96.84842644396446,19.156947399858762,746,3.229248,beyond
mexico,30044,-96.94673905405767,18.889466378350626,1295,1.3472689,expansion
mexico,30045,-95.92270729220738,18.28341664589368,564,2.1574824,expansion
mexico,30046,-96.98753703431164,19.333191927294976,281,3.533572,beyond
mexico,30047,-97.04616147417416,19.0734412852501,444,2.2328916,beyond
mexico,30048,-94.59409569515383,18.00255494802589,1923,1.9518222,expansion
mexico,30049,-96.39628062039749,18.83509703173284,27,2.6845174,beyond
mexico,30050,-97.58164838133483,20.183362674475635,216,2.874812,beyond
mexico,30051,-97.65638003767947,20.24804975234781,276,2.7883987,beyond
mexico,30052,-96.8136381545286,18.7613895934695,105,2.347545,beyond
mexico,30053,-96.72673246247591,18.815258812918714,203,1.911289,beyond
mexico,30055,-98.39619645112184,21.20906655645093,37,3.78854,beyond
mexico,30057,-96.81822281629417,19.74191389167141,104,3.2111628,beyond
mexico,30058,-98.17844223848611,20.97113505866023,58,2.9422762,beyond
mexico,30059,-94.67684715324678,18.006950648469232,392,2.5535457,expansion
mexico,30060,-97.72281694949261,21.360324813276357,198,3.0300665,beyond
mexico,30061,-94.10014614851049,17.911581133061894,663,2.1769247,expansion
mexico,30062,-97.02809533084549,19.012081369617157,467,2.5117335,beyond
mexico,30063,-97.9230842478571,21.295784769827023,76,2.95063,beyond
mexico,30064,-97.5948010121853,20.206707705170025,40,2.5855227,beyond
mexico,30065,-96.85542375321421,19.48001998865281,128,1.0209205,train
mexico,30066,-97.39837848079941,20.258380599327502,47,2.534096,beyond
mexico,30067,-97.70563651421756,20.199002910052677,98,2.623365,beyond
mexico,30068,-96.99426573724095,18.911727295884578,871,1.2190955,beyond
mexico,30069,-97.08828598311852,20.45027261341283,135,1.7369992,beyond
mexico,30070,-94.64694075661198,17.770916090935494,47,2.2720227,beyond
mexico,30071,-96.96836941931019,19.151101095976458,503,2.1331506,beyond
mexico,30072,-98.48135244690698,20.536668287307293,92,2.0554473,beyond
mexico,30073,-95.1695816834445,18.156558941172815,219,2.4021142,beyond
mexico,30074,-97.15289954252343,18.817479347994215,114,1.7844574,beyond
mexico,30075,-95.98485912786083,18.7246241935978,134,2.3367026,beyond
mexico,30077,-95.52821077060699,18.028744073356314,206,1.5720922,beyond
mexico,30078,-98.00653695010116,21.237225212008187,80,3.4949646,beyond
mexico,30079,-97.1140885389681,19.35515772083263,104,3.1572924,beyond
mexico,30080,-96.98507741874863,19.05001523808975,356,2.505202,beyond
mexico,30081,-97.13276204120022,18.884204667117324,246,2.2130437,expansion
mexico,30082,-94.39228445803805,18.02300669871968,94,2.054799,beyond
mexico,30083,-97.92903969247968,20.609655631347152,37,2.7944002,beyond
mexico,30084,-95.82949961271991,18.44885721469787,30,2.854132,beyond
mexico,30085,-97.03328906268997,18.857160836718283,1992,2.0251098,expansion
mexico,30086,-97.30275642193459,19.80576821166997,364,2.7401419,beyond
mexico,30087,-96.9098202743282,19.536909769216102,2512,1.0039207,train
mexico,30088,-96.76448915452126,19.332673126128135,72,2.5493097,beyond
mexico,30089,-94.71088483415002,17.961619021483088,227,2.0946574,expansion
mexico,30090,-96.24155380419243,19.04094040848935,67,2.7903059,beyond
mexico,30091,-95.02749327339826,17.436229351303364,53,2.1196628,beyond
mexico,30092,-96.99272369924644,19.421474114774586,525,2.473521,beyond
mexico,30093,-96.92408344307917,19.608792913267024,155,2.2098384,beyond
mexico,30094,-95.40101314767149,17.994043906877458,177,1.8915838,beyond
mexico,30095,-96.69482056801462,19.839922256142422,46,2.9716365,beyond
mexico,30096,-96.85297402197703,19.736754132903496,102,3.4658442,beyond
mexico,30097,-95.5149084594955,18.62634761268299,628,2.3269227,beyond
mexico,30098,-97.04588165740701,18.760816196704646,22,2.7262821,beyond
mexico,30099,-97.27462455562188,18.811441012750464,462,2.1798275,beyond
mexico,30100,-96.3340658791582,19.0940096808284,79,2.172722,beyond
mexico,30101,-97.1157728801364,18.891522298438243,202,1.492774,expansion
mexico,30102,-97.04516236536402,20.077025473873835,771,1.6961935,expansion
mexico,30103,-97.68096071196682,20.21086343796872,90,3.0846531,beyond
mexico,30104,-94.8369755393051,18.220948037277854,150,2.8133922,beyond
mexico,30105,-96.16015516446366,19.090880542084815,256,1.3146185,train
mexico,30106,-96.86869193554473,19.70495780556012,244,3.4466355,beyond
mexico,30108,-94.5503202864602,17.999042657627566,2776,1.5299989,expansion
mexico,30109,-96.8519681821112,19.93105882672162,302,2.6232913,beyond
mexico,30111,-94.30698424078426,17.957856876170673,182,3.1053755,beyond
mexico,30112,-96.87236705861689,19.65617362368997,473,2.4277499,beyond
mexico,30113,-96.96039199520044,18.809939190476758,84,2.67062,beyond
mexico,30114,-96.77069151963663,20.205220769058467,56,2.5868497,beyond
mexico,30115,-97.17187188986728,18.819197967566545,385,1.8798203,beyond
mexico,30116,-94.89487922818338,17.92845026191993,119,2.2611282,beyond
mexico,30117,-96.78405613691201,18.74645588576925,92,2.172176,beyond
mexico,30118,-97.09847004906962,18.85253801952841,1636,0.9804253,expansion
mexico,30119,-96.03471555858835,18.176165015894675,80,2.6406298,beyond
mexico,30120,-94.66084574401025,18.00147111024816,178,2.998769,expansion
mexico,30121,-97.8542721883806,21.66254961073904,124,2.6739,beyond
mexico,30122,-94.69162130782445,18.26204166752942,93,2.4616103,beyond
mexico,30123,-98.0850745445851,22.115678388271505,424,1.8220663,expansion
mexico,30124,-97.32693102251758,20.439811015592287,578,2.3038661,val
mexico,30125,-96.72468246556552,18.97027739295142,134,1.9511124,beyond
mexico,30126,-96.42631848438113,19.280207425371255,153,2.4543216,beyond
mexico,30128,-97.24591794948762,19.552617226246532,577,2.1428368,expansion
mexico,30129,-98.3754848359072,21.27565778535273,169,2.6067016,beyond
mexico,30130,-95.81384676075149,17.8287505285198,107,2.0186145,beyond
mexico,30131,-97.44610862293693,20.52890645486332,1663,1.2995327,expansion
mexico,30132,-97.10212761162242,19.641828957964712,275,2.6726506,beyond
mexico,30133,-97.83946057797324,22.20968316060682,434,2.036451,expansion
mexico,30134,-96.39798719990793,19.36495136760362,256,2.1271918,beyond
mexico,30135,-97.07849620533347,18.817503253237906,757,2.7083788,expansion
mexico,30136,-96.98874559174872,19.593743486121554,88,2.9932868,beyond
mexico,30137,-97.04570952482727,18.673138100703806,127,3.2223737,beyond
mexico,30138,-97.13837962684251,18.839080299577393,654,1.5318284,beyond
mexico,30139,-95.53300765114196,18.59028551008002,75,2.7250228,beyond
mexico,30141,-95.20589422577147,18.437671661030333,571,2.1186426,train
mexico,30142,-95.2187294524388,17.809109274751187,83,2.3821118,beyond
mexico,30143,-95.30122512859135,18.466752412586526,109,2.4996135,beyond
mexico,30144,-94.96040531212564,17.88165213471342,108,2.7986224,beyond
mexico,30145,-94.89089643459207,17.963052213473464,224,2.2985873,expansion
mexico,30146,-96.94053004084297,19.193211803848296,56,3.2625978,beyond
mexico,30147,-97.18076334768152,18.73213721088749,233,2.6296656,beyond
mexico,30148,-96.42238303309357,19.046364773924854,127,2.0378125,beyond
mexico,30149,-94.90658282186489,18.23337613502819,302,2.6742256,beyond
mexico,30150,-97.81334162187235,21.337580654454676,92,3.0253124,beyond
mexico,30151,-97.44601966815561,21.277957066512908,58,1.3247461,beyond
mexico,30152,-97.80140367915787,22.111949704909065,51,2.371567,beyond
mexico,30153,-97.79017233539227,21.286471629474995,51,2.9990036,beyond
mexico,30154,-97.83387462601164,21.331323519960105,75,3.0172768,beyond
mexico,30155,-98.23476992157107,21.350700120371595,220,2.0195334,expansion
mexico,30156,-97.11115235286066,19.69268728186035,36,2.0069838,beyond
mexico,30157,-97.6361488074377,20.747955093968798,102,3.4426613,beyond
mexico,30158,-97.01422714505144,20.481312687135148,67,2.3552678,beyond
mexico,30159,-97.05638089228435,18.51806654654809,30,3.4600198,beyond
mexico,30160,-97.67437996868735,20.906722679835532,365,2.0299177,beyond
mexico,30161,-98.38601327271992,21.52149275545184,180,2.626278,beyond
mexico,30162,-96.88451222283558,19.248151702294447,54,2.9905894,beyond
mexico,30163,-96.91601850354147,19.81027818622746,38,2.7868717,beyond
mexico,30164,-96.97437420464028,19.385699978313436,316,2.7219102,beyond
mexico,30165,-96.84232184064173,19.066091232771765,99,2.0818152,beyond
mexico,30166,-96.79772294445308,19.673677901479035,69,2.5415707,beyond
mexico,30167,-97.85212496351495,21.165474298198493,78,2.8102565,beyond
mexico,30168,-97.06955357193401,18.727895234064,380,3.5446322,beyond
mexico,30169,-95.7324568489396,18.079875533432695,150,2.50255,beyond
mexico,30171,-97.03950490962347,18.620567479284677,91,3.013198,beyond
mexico,30172,-94.81444996029143,17.895084184362588,167,2.8892176,beyond
mexico,30173,-96.70494674648913,18.621640964460106,127,2.6418595,beyond
mexico,30174,-96.36459636697728,18.45002951931565,209,1.8015015,train
mexico,30175,-97.49917933244292,20.58970331314224,371,2.1190236,expansion
mexico,30176,-95.94679277965734,18.23150190100302,120,2.3206818,beyond
mexico,30177,-97.00058775389608,19.66366671724522,44,3.3499131,beyond
mexico,30178,-95.65832544857024,18.614793026111037,66,1.9909377,beyond
mexico,30179,-96.83834435448294,19.191911613028864,173,2.8722754,beyond
mexico,30180,-98.19934456128924,20.620653250248985,25,3.554049,beyond
mexico,30181,-96.17274187193989,18.768665821951068,142,2.6068423,beyond
mexico,30182,-96.9672552710827,19.559783496855164,47,2.349072,beyond
mexico,30183,-97.21263490871814,19.962678311536184,200,2.2945507,beyond
mexico,30184,-97.11874957210478,18.611856560108222,59,3.9327576,beyond
mexico,30185,-97.0984926871123,18.80535968302408,154,2.9972613,expansion
mexico,30186,-97.00933698776592,19.03036948709618,312,2.333204,beyond
mexico,30187,-96.92038155304685,19.682545765347314,60,2.279044,beyond
mexico,30188,-96.96163796084103,19.211050356341975,276,3.1538258,beyond
mexico,30189,-97.40368987174084,20.957685414957183,1004,1.4908664,expansion
mexico,30190,-95.89393046037242,18.23836441607496,74,2.5229394,beyond
mexico,30191,-96.38426751250822,19.422409451213213,455,2.650634,beyond
mexico,30192,-96.65003551930067,20.02815613103113,130,2.5911715,beyond
mexico,30193,-96.18266082794203,19.180443217103882,3178,0.958773,train
mexico,30194,-97.22275859540063,19.64872389806155,94,2.9624774,expansion
mexico,30195,-97.15023784701364,18.64649474788019,181,3.5413234,beyond
mexico,30196,-96.80046301112698,18.83218738229062,116,2.32175,beyond
mexico,30197,-96.77563135214587,19.866982471063974,32,2.8997242,beyond
mexico,30199,-94.64246542300576,17.953983412398586,117,3.0038686,expansion
mexico,30200,-96.85908563412886,19.114977015296407,61,3.363019,beyond
mexico,30201,-97.00056899315022,18.664908424881073,81,1.9638499,beyond
mexico,30203,-97.57640505555308,20.14047213161611,86,2.8858578,beyond
mexico,30204,-94.14276079523135,18.13957001593265,618,1.5616896,expansion
mexico,30205,-98.45291095084042,21.76864960598134,109,2.151895,beyond
mexico,30206,-94.40472379496177,18.065452967140754,424,1.583206,expansion
mexico,30207,-96.13215990420204,18.232337025222368,323,2.560659,beyond
mexico,30208,-95.7505846850008,18.372398297450516,210,1.5874188,expansion
mexico,30209,-94.7606742690186,18.245898378952617,70,2.6242933,beyond
mexico,30210,-94.45088032032054,17.277345230328883,56,3.0847282,beyond
mexico,30211,-96.89024263002565,20.180927968301862,229,2.5147583,beyond
mexico,30212,-95.73462007514672,17.66363945472802,112,3.3530433,beyond
mexico,31001,-89.68165356310168,20.647343377272755,58,2.8442771,beyond
mexico,31002,-89.45757051774956,20.813270316538635,556,2.0885868,beyond
mexico,31003,-89.34816109661098,20.26034301088217,405,2.7370586,beyond
mexico,31004,-89.39896402030892,21.110408666411665,555,2.1112964,beyond
mexico,31005,-89.17949674459942,21.00716156086441,266,2.5571344,beyond
mexico,31006,-88.79235390170984,21.20329706537184,213,2.6298866,beyond
mexico,31007,-89.22690958599621,20.983338647434607,268,2.7854035,beyond
mexico,31008,-88.17825534851968,21.021299077862846,82,3.023304,beyond
mexico,31009,-89.10109883563948,21.154224948903465,180,2.2165241,beyond
mexico,31011,-90.39498330098199,20.86123718508698,103,1.8548783,beyond
mexico,31012,-88.6047120645298,20.966301547972417,129,3.1282392,beyond
mexico,31013,-89.52252659612259,21.069503292573906,302,1.4434385,train
mexico,31014,-88.29794865883173,20.640958979614858,78,1.9777664,beyond
mexico,31015,-89.32066607369143,20.740684706486856,330,2.9154441,beyond
mexico,31016,-89.01644052840383,20.172684865193666,63,2.2798727,beyond
mexico,31017,-88.51231463142177,20.568862094650388,31,2.8073368,beyond
mexico,31018,-89.45705457410038,20.4586928386568,82,3.424335,beyond
mexico,31019,-87.93842428222325,20.65629826610025,118,3.6136034,expansion
mexico,31020,-89.51785278977691,21.13611730367024,220,2.104963,beyond
mexico,31021,-88.21768507176185,20.62918890394829,264,2.798288,beyond
mexico,31022,-88.48704696938162,20.335304488002937,58,2.782042,beyond
mexico,31023,-89.83107340116172,20.749451448817183,137,2.0306373,beyond
mexico,31024,-89.30090246363216,20.431012807657975,146,2.4839067,beyond
mexico,31025,-89.46934467425186,20.388324033410694,208,2.9747603,beyond
mexico,31026,-89.30923588220628,21.209983635123052,242,2.1218076,beyond
mexico,31027,-89.03992748656928,21.24900626404716,172,2.7239826,beyond
mexico,31028,-88.89575215001346,21.39156483630961,32,2.3465247,beyond
mexico,31029,-88.92967514885473,21.280654150018858,147,2.8033087,beyond
mexico,31030,-88.52829057834846,20.840627457330665,93,2.9361517,beyond
mexico,31032,-88.30488646559007,21.01207479367325,263,2.5610251,beyond
mexico,31033,-90.08395037833512,20.48334108272488,415,2.4946675,beyond
mexico,31034,-89.24501042040411,20.81608412410144,573,2.7459214,beyond
mexico,31035,-89.20131941348481,20.865842185877447,477,2.5365849,beyond
mexico,31036,-89.285649546043,20.738240253730066,386,2.8952258,beyond
mexico,31037,-89.16014443693751,20.72513898428244,123,2.8473694,beyond
mexico,31038,-89.87813794168844,21.01503282206499,826,2.3561656,beyond
mexico,31039,-89.48101531512897,21.15287546622072,194,2.21457,beyond
mexico,31040,-89.0194068003013,20.933158915940624,472,2.4629648,beyond
mexico,31041,-89.56531004471077,20.939074517102934,1150,1.6421448,train
mexico,31042,-89.03535504417378,20.79677085807335,139,3.4724288,beyond
mexico,31043,-88.41529310869876,20.621063916460002,66,2.589846,beyond
mexico,31044,-89.9493591396601,20.91498013189949,351,2.6403034,beyond
mexico,31045,-89.90019566426427,20.64850793319059,69,2.408798,beyond
mexico,31046,-89.36560776544829,20.47754089997613,84,2.797041,beyond
mexico,31047,-89.39130255617054,20.38749265546037,162,3.163169,beyond
mexico,31048,-90.00181028116442,20.585550189270865,298,2.3787212,beyond
mexico,31049,-89.21375018513476,20.46806682242579,70,3.125064,beyond
mexico,31050,-89.63028056255294,20.990102314807288,10096,1.122035,train
mexico,31051,-89.45261291936538,21.108908812024154,498,2.5067987,beyond
mexico,31052,-89.28356493936225,21.094508727069794,638,2.133249,beyond
mexico,31053,-89.7108362661994,20.488550222952806,284,2.4611251,beyond
mexico,31054,-89.33015526389026,21.043345979680165,220,2.6330132,beyond
mexico,31055,-89.85762165104951,20.551510592488345,96,2.9618826,beyond
mexico,31056,-89.41426539839331,20.305981387197864,1210,2.4554515,beyond
mexico,31057,-88.27031969271076,21.2957715333477,77,2.0528698,beyond
mexico,31058,-88.92155475945498,20.123977095967213,428,2.456145,beyond
mexico,31059,-89.66595894462007,21.281973457518653,789,1.452297,expansion
mexico,31060,-88.63123842814059,20.869499257893978,41,3.010776,beyond
mexico,31061,-88.15612449464275,21.59296696148099,34,2.7257476,beyond
mexico,31062,-89.59024412054227,20.495241332501408,91,2.9852674,beyond
mexico,31063,-89.88799638851441,20.883084788923615,50,2.5227025,beyond
mexico,31064,-89.21388322698787,20.771829017901712,105,3.0864546,beyond
mexico,31065,-88.23352659351542,21.562537949569705,27,2.8375716,beyond
mexico,31066,-89.64362297216162,20.32769023320662,89,2.436657,beyond
mexico,31067,-89.37250061130536,20.836939596287507,208,2.336656,beyond
mexico,31068,-89.1847018032622,21.225689330744363,91,2.7925863,beyond
mexico,31069,-89.00950764705809,20.596771313558826,178,2.9324121,beyond
mexico,31070,-88.31354659360167,21.157045136962857,80,2.607809,beyond
mexico,31071,-88.98796058050338,20.873506493605372,83,2.791587,beyond
mexico,31072,-89.14757366098614,21.086609059305037,74,2.4211555,beyond
mexico,31073,-88.94388785553944,20.200842162255274,114,3.1335187,beyond
mexico,31074,-89.25427124368782,20.872557642638007,356,2.3449593,beyond
mexico,31075,-89.28219383299988,20.400378351843777,244,2.7181492,beyond
mexico,31076,-89.47479219054365,20.74457021973175,309,2.219696,beyond
mexico,31077,-88.94619963179645,21.015349294050484,83,3.0086505,beyond
mexico,31078,-89.10717856159414,21.010831013167273,253,2.1001523,beyond
mexico,31079,-89.29422400682967,20.20501149656478,496,2.5153127,beyond
mexico,31080,-89.33380078429656,20.53598569324255,154,2.4273024,beyond
mexico,31081,-88.26468962141222,20.60099269903678,122,2.7885728,beyond
mexico,31082,-89.27033076817729,21.202119291178743,276,2.3144548,beyond
mexico,31083,-89.27071701290117,21.341602062119502,143,2.1113384,beyond
mexico,31085,-88.20081097206759,20.80492793610388,118,2.6380785,beyond
mexico,31086,-89.03900030265699,21.047528664127082,162,2.6867287,beyond
mexico,31087,-89.93268686242307,20.962971507293663,381,2.27864,beyond
mexico,31088,-89.0735384052202,21.05018035517738,274,2.4886272,beyond
mexico,31089,-89.51834382231728,20.38204989139212,859,2.6316779,beyond
mexico,31090,-89.51473105037473,20.80998632968316,162,2.5853345,beyond
mexico,31091,-88.58936419180495,20.698882373298236,98,3.0776181,beyond
mexico,31092,-88.270350239658,20.53726069158659,61,2.992349,beyond
mexico,31093,-89.39430963494719,21.001155119541167,502,2.3595724,beyond
mexico,31094,-89.11029213537456,20.234712196159624,89,2.6739213,beyond
mexico,31095,-89.4419677160224,20.976602035496903,170,2.2646642,beyond
mexico,31096,-88.15089178411607,21.145694707525916,642,2.4397197,expansion
mexico,31097,-88.75110245709895,20.901469915140492,115,3.059066,beyond
mexico,31098,-89.04998423803326,20.07157422401751,272,2.8051126,beyond
mexico,31099,-88.31682131697325,20.717154365256533,58,2.8746047,beyond
mexico,31100,-89.74576797000765,21.030756947122015,140,2.0243795,train
mexico,31101,-89.71606942077027,20.903125491214432,357,1.5416948,train
mexico,31102,-88.20620460675349,20.694718935715184,743,1.9233172,expansion
mexico,31103,-89.18264827142984,20.834396159027747,241,2.2536469,beyond
mexico,31104,-88.91597132209857,20.49257149822973,59,3.004508,beyond
mexico,31105,-89.4200262988098,21.061210510203157,295,2.4441433,beyond
mexico,31106,-89.11599400652646,21.23467180351951,67,2.7257643,beyond
mexico,32001,-103.08880265689193,21.466455162880838,49,1.7553664,beyond
mexico,32002,-102.68314467936433,21.3886748955566,44,2.0782654,beyond
mexico,32003,-103.46362826888488,21.806931168936547,79,2.0676,beyond
mexico,32004,-103.55247208579117,21.503890179635412,78,1.9222823,beyond
mexico,32005,-102.70699710397135,22.947849764524367,300,1.6809474,expansion
mexico,32006,-102.72687975442224,23.604631312999484,124,1.8049825,beyond
mexico,32007,-101.41871785347206,24.613770817429856,54,1.7054814,beyond
mexico,32008,-102.347951975597,22.44808371109746,109,2.1886444,beyond
mexico,32009,-103.88452209696703,23.47629902210574,96,2.0052311,beyond
mexico,32010,-102.86856067952718,23.18545098008433,1170,1.3793799,train
mexico,32011,-103.46492725096893,21.20967568639243,66,2.0109317,beyond
mexico,32012,-102.45896621201715,22.48617403224336,44,0.79028374,beyond
mexico,32013,-102.7427324895693,22.994599204113122,78,1.9406015,expansion
mexico,32014,-103.01869504582535,23.995649512440767,127,2.0936935,beyond
mexico,32015,-103.09358344230922,21.935476659634816,23,2.29232,beyond
mexico,32016,-102.11043586085427,22.664630490443656,73,1.9834936,expansion
mexico,32017,-102.51096793330579,22.7508513702152,1909,0.7559302,val
mexico,32018,-102.97379559249134,21.772366165309048,44,2.4611819,beyond
mexico,32019,-102.98188149224157,21.63817891854991,194,1.5903373,expansion
mexico,32020,-102.9891662933798,22.65149417252016,505,1.419213,expansion
mexico,32021,-103.80004601210018,23.25468797136887,42,2.0852156,beyond
mexico,32022,-103.39796440518573,24.296039869432665,348,1.5231265,expansion
mexico,32023,-103.11588073593279,21.409854337285154,83,1.622858,beyond
mexico,32024,-101.98545558422916,22.274098677222447,143,1.7474191,expansion
mexico,32025,-102.24890541629813,22.433449813990173,80,2.0356307,beyond
mexico,32026,-101.5550634691282,24.639641828459954,35,1.8915318,beyond
mexico,32028,-103.36309360199306,21.21486685230753,22,1.6136594,beyond
mexico,32029,-103.44790091379869,24.288653446030747,246,1.7145559,expansion
mexico,32030,-103.31178342811121,21.92426216297439,32,1.5810112,beyond
mexico,32031,-103.5603815033799,22.303451134445528,108,2.188061,beyond
mexico,32032,-102.60721426722547,22.825010103978467,64,2.0044096,train
mexico,32033,-103.16468537316148,21.264499732270586,48,1.8737448,beyond
mexico,32034,-102.84752820901183,21.371770458390635,89,1.6500419,expansion
mexico,32035,-101.90865835363228,22.442125235968774,43,2.0261586,beyond
mexico,32036,-102.25862291386288,22.575608455204033,118,1.8645352,expansion
mexico,32037,-102.57015931217644,22.948709635949925,102,2.027185,beyond
mexico,32038,-101.57765796969369,22.294267001612724,94,1.8681821,beyond
mexico,32039,-103.03470490614379,23.830590093808905,465,1.4879817,expansion
mexico,32040,-103.25301831050888,23.580230200558997,110,1.5147909,beyond
mexico,32041,-100.8663688856746,24.520861595966434,57,2.0163004,beyond
mexico,32042,-103.64637310488902,23.634849515410533,131,1.4963386,expansion
mexico,32043,-103.0979228989066,22.609012818167376,60,2.1248121,beyond
mexico,32044,-102.91266147760876,21.864357761424348,107,1.7453667,beyond
mexico,32045,-103.32569007187081,21.668891270697337,83,2.5286748,beyond
mexico,32046,-103.15063107874795,22.458503073885364,43,1.9711744,beyond
mexico,32047,-103.46157797239556,21.4643982030559,77,2.2507854,beyond
mexico,32048,-103.29975702016031,21.77916739768687,273,2.3379853,beyond
mexico,32049,-103.56881437889665,22.775753840060357,173,1.7303056,expansion
mexico,32050,-102.50111613303126,22.829747469235848,38,1.9982274,val
mexico,32051,-102.47732195124827,23.180801299684948,96,2.7311478,train
mexico,32052,-101.95495969326056,22.163612510345757,82,1.9711632,beyond
mexico,32053,-101.99655661013357,22.487950157531017,98,2.048548,expansion
mexico,32054,-101.71381637254369,22.353860843606252,51,1.9184854,beyond
mexico,32055,-102.88571657252879,22.363480327959103,90,1.6819985,expansion
mexico,32056,-102.58391504465877,22.76307632156608,1648,0.8401444,val
mexico,32057,-102.3714813083496,22.738430580533063,92,2.0784142,train
mexico,32058,-103.4077637044589,21.51424640469315,62,2.3885472,beyond
